Name,ProductGroup,SKU,Barcode,MeasurementUnit,Cost,Markup,Price,Tax,IsTaxInclusivePrice,IsPriceChangeAllowed,IsUsingDefaultQuantity,IsService,IsEnabled,Description,Quantity,Supplier,ReorderPoint,PreferredQuantity,LowStockWarning,WarningQuantity
gas tank 3kg,,1,,,11,36.3636,15,,1,0,1,0,1,,-47,,,,,
gas tank 5kg,,2,,,14,42.8571,20,,1,0,1,0,1,,-105,,,,,
gas tank 7kg,,3,,,25,40,35,,1,0,1,0,1,,186,,,,,
gas tank 9kg,,4,,,33,36.3636,45,,1,0,1,0,1,,-33,,,,,
gas tank 15kg,,5,,,42,30.9524,55,,1,0,1,0,1,,-12,,,,,
cooker top,,6,,,2.1,138.0952,5,,1,0,1,0,1,,-222,,,,,
9kg gas regulator,,7,,,2,150,5,,1,0,1,0,1,,-46,,,,,
3/5 kg gas regulator,,8,,,2,150,5,,1,0,1,0,1,,-232,,,,,
gas pipe per metre,,9,,,0.4,150,1,,1,0,1,0,1,,-504.5,,,,,
bar chairs,,10,,,42,42.8571,60,,1,0,1,0,1,,-4,,,,,
B-3 row chair,,11,,,24,66.6667,40,,1,0,1,0,1,,-4,,,,,
net chair,,12,,,23,73.913,40,,1,0,1,0,1,,-3,,,,,
4 men camping tent,,13,,,34,42.8571,48.57,,1,1,1,0,1,,-8,,,,,
camping tent small,,14,,,12,66.6667,20,,1,0,1,0,1,,-3,,,,,
folding bed,,15,,,45,33.3333,60,,1,0,1,0,1,,-1,,,,,
folding chair,,16,,,33,51.5152,50,,1,0,1,0,1,,0,,,,,
Sleeping bag,,17,,,12.5,60,20,,1,0,1,0,1,,0,,,,,
gas scale 300kg,,18,,,45,33.3333,60,,1,0,1,0,1,,-2,,,,,
fridge XTL-158D,,19,,,300,13.3333,340,,1,0,1,0,1,,-6,,,,,
fridge XTL-108D,,20,,,240,25,300,,1,0,1,0,1,,0,,,,,
DEFY dc fridge 200l,,21,,,330,21.2121,400,,1,0,1,0,1,,-1,,,,,
upright masters,,22,,,145,17.2414,170,,1,0,1,0,1,,-2,,,,,
ecco upright fridge small,,23,,,90,38.8889,125,,1,0,1,0,1,,-4,,,,,
NNS NS-8139LS,,24,,,7.6,97.3684,15,,1,0,1,0,1,,-6,,,,,
NNS NS-920SL,,25,,,8,87.5,15,,1,0,1,0,1,,-11,,,,,
NNS NS-6693S,,26,,,7.6,97.3684,15,,1,0,1,0,1,,-16,,,,,
keson KS-307BT-S,,27,,,7.6,97.3684,15,,1,0,1,0,1,,-1,,,,,
NS 6633BT,,28,,,21.3,64.3192,35,,1,0,1,0,1,,-1,,,,,
NNS NS-6676 BT,,29,,,6,100,12,,1,0,1,0,1,,-4,,,,,
keson KS-1717D,,30,,,7.2,66.6667,12,,1,0,1,0,1,,-4,,,,,
EPE FP-287-S,,31,,,6.8,76.4706,12,,1,0,1,0,1,,0,,,,,
NNS NS-8891BT,,32,,,6,100,12,,1,0,1,0,1,,-2,,,,,
NNS NS-8107BT,,33,,,7,71.4286,12,,1,0,1,0,1,,-3,,,,,
rechargeble head light GF-999,,34,,,3.3,142.4242,8,,1,0,1,0,1,,-3,,,,,
multifunction searching light WS120,,35,,,13,92.3077,25,,1,0,1,0,1,,-9,,,,,
DSTV dercoder,,36,,,35,28.5714,45,,1,1,1,0,1,,-24,,,,,
MTY solar flood light 60w,,37,,,24,45.8333,35,,1,0,1,0,1,,-3,,,,,
solar flood light GD 200w,,38,,,28,42.8571,40,,1,0,1,0,1,,0,,,,,
water heater,,39,,,1.7,194.1176,5,,1,0,1,0,1,,-3,,,,,
ceedye adapter socket extension,,40,,,3.5,100,7,,1,0,1,0,1,,-29,,,,,
VS-6586B 5 way surge adapter,,41,,,2.8,150,7,,1,0,1,0,1,,-26,,,,,
macce 26'' bicycle,,42,,,63,34.9206,85,,1,0,1,0,1,,-11,,,,,
yinge 26'' bicycle,,43,,,69,37.6812,95,,1,0,1,0,1,,-14,,,,,
yinge 26'' bicycle with carrier,,44,,,63,34.9206,85,,1,0,1,0,1,,-11,,,,,
wiley 20'' bicycle,,45,,,48,35.4167,65,,1,0,1,0,1,,-45,,,,,
BSL 10'' bicycle,,46,,,36,52.7778,55,,1,0,1,0,1,,0,,,,,
jiluke 12'' bicycle,,47,,,32,40.625,45,,1,0,1,0,1,,-34,,,,,
macce 26'' bicycle with carrier,,48,,,72,18.0556,85,,1,0,1,0,1,,-3,,,,,
chaffing dish,,49,,,15,66.6667,25,,1,1,1,0,1,,-2,,,,,
super kids premer,,50,,,37,48.6486,55,,1,1,1,0,1,,-2,,,,,
kangbeiqi,,51,,,42,42.8571,60,,1,0,1,0,1,,-2,,,,,
water glass,,52,,,3.8,110.5263,8,,1,0,1,0,1,,-1,,,,,
dyllu extension cable DT-EJ-8380,,53,,,36.6,36.612,50,,1,0,1,0,1,,-1,,,,,
luqman gasoline generator,,54,,,120,16.6667,140,,1,0,1,0,1,,-2,,,,,
astrakoera gasoline generator,,55,,,135,11.1111,150,,1,0,1,0,1,,-6,,,,,
helty stronger generator HT-3500F,,56,,,170,17.6471,200,,1,1,1,0,1,,-3,,,,,
raylight brush cutter,,57,,,75,20,90,,1,0,1,0,1,,-2,,,,,
raylight water pump WP30,,58,,,85,17.6471,100,,1,0,1,0,1,,-8,,,,,
luqman WP20X,,59,,,78,21.7949,95,,1,0,1,0,1,,-2,,,,,
submersible pump 1509001,,60,,,12,108.3333,25,,1,0,1,0,1,,-11,,,,,
solar red pump,,61,,,16,118.75,35,,1,0,1,0,1,,-41,,,,,
cedieeye solar pump 80m,,62,,,58,29.3103,75,,1,0,1,0,1,,0,,,,,
raylight demolition hammer RL-3065,,63,,,85,29.4118,110,,1,0,1,0,1,,-2,,,,,
red & black solar cable per metre,,64,,,0.65,53.8462,1,,1,0,1,0,1,,-307,,,,,
solar cable per metre,,65,,,0.48,108.3333,1,,1,0,1,0,1,,-1299.5,,,,,
2*3.5mm cable per metre,,66,,,0.35,185.7143,1,,1,0,1,0,1,,0,,,,,
gas cable per metre,,67,,,0.4,150,1,,1,0,1,0,1,,-30,,,,,
gas clippers,,68,,,0.06,733.3333,0.5,,1,0,1,0,1,,-377,,,,,
sokany air fryer SK2G-8029A,,69,,,65,30.7692,85,,1,0,1,0,1,,0,,,,,
gainstar 10l airfryer,,70,,,33,66.6667,55,,1,0,1,0,1,,-7,,,,,
keson 20l microwave,,71,,,62,29.0323,80,,1,0,1,0,1,,-1,,,,,
silver criest 5l,,72,,,32,40.625,45,,1,0,1,0,1,,-2,,,,,
hosepipe,,73,,,22,59.0909,35,,1,0,1,0,1,,-3,,,,,
300w power inverter,,74,,,8.5,76.4706,15,,1,0,1,0,1,,-1,,,,,
500w power inverter,,75,,,11,81.8182,20,,1,0,1,0,1,,-37,,,,,
1200w power inverter,,76,,,36,25,45,,1,0,1,0,1,,-12,,,,,
2000w power inverter,,77,,,47,27.6596,60,,1,0,1,0,1,,-18,,,,,
1500w power inverter,,78,,,37,35.1351,50,,1,0,1,0,1,,-8,,,,,
DC to AC inverter 250w,,79,,,6.5,84.6154,12,,1,0,1,0,1,,-14,,,,,
DC to AC inverter 500w,,80,,,9,66.6667,15,,1,0,1,0,1,,-36,,,,,
20amps solar controller,,81,,,5.3,50.9434,8,,1,0,1,0,1,,-121,,,,,
30amps solar controller,,82,,,7,42.8571,10,,1,0,1,0,1,,-69,,,,,
40amps solar controller,,83,,,10.5,42.8571,15,,1,0,1,0,1,,-79,,,,,
50amps solar controller,,84,,,11,81.8182,20,,1,1,1,0,1,,-41,,,,,
60amps solar controller,,85,,,15,66.6667,25,,1,0,1,0,1,,-9,,,,,
gas lighter,,86,,,1,100,2,,1,1,1,0,1,,-8,,,,,
10w flood light,,87,,,3.3,203.0303,10,,1,0,1,0,1,,-84,,,,,
20w flood lights,,88,,,9,66.6667,15,,1,0,1,0,1,,-41,,,,,
40w flood light,,89,,,13,53.8462,20,,1,1,1,0,1,,-4,,,,,
60w flood light,,90,,,16,56.25,25,,1,0,1,0,1,,-2,,,,,
h2solar 200w flood light,,91,,,22,59.0909,35,,1,0,1,0,1,,-2,,,,,
h2solar 100w flood light,,92,,,20,50,30,,1,0,1,0,1,,0,,,,,
solar induction wall lamp,,93,,,8.5,76.4706,15,,1,0,1,0,1,,-7,,,,,
cedieeye solar led light,,94,,,4,150,10,,1,0,1,0,1,,-2,,,,,
cedieeye 200w flood light,,95,,,13,92.3077,25,,1,0,1,0,1,,-4,,,,,
JD 80w 22250,,96,,,2.5,100,5,,1,0,1,0,1,,-5,,,,,
JD solar light 30w,,97,,,9,66.6667,15,,1,0,1,0,1,,0,,,,,
solar light LED,,98,,,25,40,35,,1,0,1,0,1,,0,,,,,
60w solar flood light,,99,,,17,47.0588,25,,1,0,1,0,1,,-2,,,,,
100w ceedee flood light,,100,,,4.5,122.2222,10,,1,0,1,0,1,,-21,,,,,
60w bar light,,101,,,2,100,4,,1,0,1,0,1,,-37,,,,,
30w bar light,,102,,,1,100,2,,1,0,1,0,1,,-12,,,,,
gainstar 2plate gas stove with oven,,103,,,47,38.2979,65,,1,0,1,0,1,,-14,,,,,
HTCBT 100ah 12v battery,,104,,,72,31.9444,95,,1,0,1,0,1,,-49,,,,,
HTCBT 65ah 12v battery,,105,,,55,36.3636,75,,1,0,1,0,1,,-34,,,,,
HTCBT 55ah 12v battery,,106,,,47,38.2979,65,,1,0,1,0,1,,-33,,,,,
ceedee 100ah 12v battery,,107,,,75,26.6667,95,,1,0,1,0,1,,-1,,,,,
ceedee 65ah 12v battery,,108,,,60,25,75,,1,0,1,0,1,,-9,,,,,
ceedee 24ah 12v battery,,109,,,15,66.6667,25,,1,0,1,0,1,,-3,,,,,
ceedee 30ah 12v battery with USB,,110,,,21,42.8571,30,,1,1,1,0,1,,-37,,,,,
ceedee 55ah 12v battery,,111,,,45,44.4444,65,,1,0,1,0,1,,0,,,,,
sunlight 30ah battery with USB,,112,,,21,42.8571,30,,1,0,1,0,1,,-61,,,,,
sunlight 22ah battery,,113,,,15.5,29.0323,20,,1,0,1,0,1,,-10,,,,,
sunlight 30ah battery with no USB,,114,,,19,31.5789,25,,1,0,1,0,1,,-27,,,,,
sunlight 22ah battery with USB,,115,,,15,66.6667,25,,1,0,1,0,1,,-51,,,,,
XTL lithium battery 52ah,,116,,,28,60.7143,45,,1,1,1,0,1,,-43,,,,,
next 4kv inverter,,117,,,155,16.129,180,,1,0,1,0,1,,-8,,,,,
DC 50l ecco fridge,,118,,,170,17.6471,200,,1,0,1,0,1,,-7,,,,,
AC 206l ecco fridge,,119,,,235,14.8936,270,,1,0,1,0,1,,-4,,,,,
raylight welding inverter,,120,,,40,62.5,65,,1,0,1,0,1,,-7,,,,,
ceedee 25ah battery with USB,,121,,,18,66.6667,30,,1,0,1,0,1,,-27,,,,,
h2solar 60ah lithium battery,,122,,,90,33.3333,120,,1,0,1,0,1,,0,,,,,
GD super 1208 22ah,,123,,,22,59.0909,35,,1,0,1,0,1,,-2,,,,,
dyllu impact drill DT-MD-15651,,124,,,18,66.6667,30,,1,0,1,0,1,,-1,,,,,
dyllu impact drill DT-MD-15851,,125,,,22,59.0909,35,,1,0,1,0,1,,0,,,,,
dyllu cordless screwdriver DT-CV-4415,,126,,,9.5,57.8947,15,,1,0,1,0,1,,-4,,,,,
dyllu gasoline chain saw DT-GC-1552,,127,,,75,20,90,,1,0,1,0,1,,-15,,,,,
silvers creist SC-3569,,128,,,30,50,45,,1,0,1,0,1,,-1,,,,,
rice cooker R-167,,129,,,30,50,45,,1,0,1,0,1,,-1,,,,,
electro masters chip fryer electric EM-DF-1054,,130,,,38,57.8947,60,,1,0,1,0,1,,0,,,,,
popcorn marker EM-PCM-1277,,131,,,7,114.2857,15,,1,0,1,0,1,,0,,,,,
RAF electric kettle R-7560,,132,,,24.89,60.7071,40,,1,0,1,0,1,,0,,,,,
RAF coffee maker R-113,,133,,,55,36.3636,75,,1,0,1,0,1,,0,,,,,
hoffmans electronic coffee maker HM-3009,,134,,,18,66.6667,30,,1,0,1,0,1,,0,,,,,
gainsta rice cooker 5l,,135,,,30,50,45,,1,0,1,0,1,,0,,,,,
electro masters rice cooker EM-RS1035,,136,,,25,80,45,,1,0,1,0,1,,0,,,,,
electro masters rice cooker CFXB20-B,,137,,,15,66.6667,25,,1,0,1,0,1,,0,,,,,
gain star double chip fryer,,138,,,52,44.2308,75,,1,0,1,0,1,,-6,,,,,
gain star single chip fryer,,139,,,35,28.5714,45,,1,0,1,0,1,,-6,,,,,
gain star airfryer,,140,,,23.4,49.5726,35,,1,1,1,0,1,,-1,,,,,
electro masters airfryer EMAF-1153,,141,,,53,22.6415,65,,1,0,1,0,1,,0,,,,,
RAF stand mixer R-6628 with bowl,,142,,,17,76.4706,30,,1,0,1,0,1,,0,,,,,
electro masters hand mixer with bowl HEMHMB-1167,,143,,,17.5,42.8571,25,,1,1,1,0,1,,-1,,,,,
electro masters hand mixer with bowl EMHMB1172,,144,,,30,50,45,,1,0,1,0,1,,0,,,,,
electro masters hand mixer with bowl HEMHMB-1166,,145,,,11.5,73.913,20,,1,0,1,0,1,,0,,,,,
RAF electric kettle R-7805,,146,,,20,75,35,,1,0,1,0,1,,0,,,,,
hoffmans donut maker HM-3010,,147,,,16,56.25,25,,1,0,1,0,1,,-1,,,,,
RAF sandwich maker R-5315,,148,,,7,114.2857,15,,1,0,1,0,1,,-12,,,,,
RAF sandwich maker R-22905,,149,,,14,78.5714,25,,1,0,1,0,1,,-8,,,,,
RAF waffle maker,,150,,,6,66.6667,10,,1,0,1,0,1,,-1,,,,,
electro masters bread toaster EM-BT-1207,,151,,,12.5,60,20,,1,0,1,0,1,,0,,,,,
switch on bread toaster 1192,,152,,,12,66.6667,20,,1,0,1,0,1,,-1,,,,,
RAF salad maker R-3390,,153,,,32,40.625,45,,1,0,1,0,1,,0,,,,,
adjustable divider,,154,,,4,150,10,,1,0,1,0,1,,0,,,,,
vaccum cleaner ATJ-V501,,155,,,8.6,74.4186,15,,1,0,1,0,1,,0,,,,,
knife chopsticks rack,,156,,,7.5,100,15,,1,0,1,0,1,,0,,,,,
redmond NSB-200A 200BT,,157,,,7,108.3333,14.58,,1,1,1,0,1,,-10,,,,,
steamer cleaner R-1372,,158,,,17,47.0588,25,,1,0,1,0,1,,0,,,,,
electro masters hot plate EM-HP-1084,,159,,,12.5,60,20,,1,0,1,0,1,,-5,,,,,
electro masters hot plate EM-HP-1991,,160,,,9,66.6667,15,,1,0,1,0,1,,-7,,,,,
electro masters hot plate EM-HP-1081,,161,,,6.5,53.8462,10,,1,0,1,0,1,,-12,,,,,
electro masters hot plate EM-HP-1089,,162,,,12.5,60,20,,1,0,1,0,1,,-20,,,,,
electro masters digital price computing scale EM-DS1236,,163,,,17.5,42.8571,25,,1,0,1,0,1,,-6,,,,,
electric heater 2R-2007,,164,,,7,114.2857,15,,1,1,1,0,1,,-1,,,,,
3pcs cake mould,,165,,,4,100,8,,1,0,1,0,1,,-1,,,,,
1 besta double chip fryer,,166,,,53,32.0755,70,,1,0,1,0,1,,-4,,,,,
1 besta gas stove with oven,,167,,,47,38.2979,65,,1,0,1,0,1,,-2,,,,,
ecco electric oven M3327,,168,,,36,38.8889,50,,1,0,1,0,1,,-43,,,,,
electro masters blender EM-BL-1073,,169,,,12.68,57.7287,20,,1,0,1,0,1,,-1,,,,,
sunlight gas stove 4plate,,170,,,102,36.3636,139.09,,1,1,1,0,1,,-46,,,,,
ceedieeye KXS-4Q502,,171,,,95,36.8421,130,,1,0,1,0,1,,-50,,,,,
cedieey 4plate gas stove,,172,,,98,32.6531,130,,1,0,1,0,1,,-16,,,,,
sunlight 4plate gas stove without oven,,173,,,42,42.8571,60,,1,0,1,0,1,,-6,,,,,
cedieeye 4plate gas stove without oven combo,,174,,,42,42.8571,60,,1,0,1,0,1,,-2,,,,,
vision 4plate gas stove,,175,,,105,34.0206,140.72,,1,1,1,0,1,,-130,,,,,
sunlight 2plate tempered gas stove,,176,,,14,42.8571,20,,1,0,1,0,1,,-116,,,,,
sunlight metal gas stove 2plates,,177,,,12,25,15,,1,0,1,0,1,,-77,,,,,
kaisa villa 12pcs KV-1001,,178,,,50,30,65,,1,0,1,0,1,,-3,,,,,
kaisa villa 12pcs KV-6636,,179,,,53,41.5094,75,,1,0,1,0,1,,0,,,,,
kaisa villa 6pcs W-2003,,180,,,22,68.1818,37,,1,0,1,0,1,,0,,,,,
kaisa villa 7pcs KV-6605,,181,,,30,50,45,,1,0,1,0,1,,0,,,,,
kaisa villa 12pcs KV-6668,,182,,,33,51.5152,50,,1,0,1,0,1,,-2,,,,,
kaisa villa 6pcs KV-6651,,183,,,30,50,45,,1,0,1,0,1,,-1,,,,,
kaisa villa 6pcs KV-6709,,184,,,31,45.1613,45,,1,0,1,0,1,,0,,,,,
kaisa villa 6pcs KV-6720,,185,,,30,50,45,,1,0,1,0,1,,0,,,,,
kaisa villa 6pcs KV-2244,,186,,,30,50,45,,1,0,1,0,1,,-2,,,,,
kaisa villa 8pcs KV-6614,,187,,,35,42.8571,50,,1,0,1,0,1,,0,,,,,
kaisa villa 7pcs KV-30409,,188,,,63,26.9841,80,,1,0,1,0,1,,-1,,,,,
granite professional pots 17pcs,,189,,,83,20.4819,100,,1,0,1,0,1,,0,,,,,
luckrain 10pcs cookware set,,190,,,61,22.9508,75,,1,0,1,0,1,,-1,,,,,
unique regina 10pcs cookware set,,191,,,50,50,75,,1,0,1,0,1,,-2,,,,,
royalife 6pcs cookware set,,192,,,28,42.8571,40,,1,0,1,0,1,,-1,,,,,
platinum 6pcs PL-DC1006,,193,,,32,56.25,50,,1,0,1,0,1,,-5,,,,,
hot chef 7pcs cookware set,,194,,,29,37.931,40,,1,0,1,0,1,,-1,,,,,
VVK 10pcs granite set,,195,,,63,19.0476,75,,1,0,1,0,1,,-1,,,,,
gyoum sunshine kitchen pot  set,,196,,,32,40.625,45,,1,0,1,0,1,,-28,,,,,
gxshaungyu 9pcs cookware set,,197,,,26,34.6154,35,,1,1,1,0,1,,-78,,,,,
gxshaungyu 15pcs cookware set,,198,,,21,19.0476,25,,1,0,1,0,1,,-203,,,,,
gxshaungyu 8pcs cookware set,,199,,,13,53.8462,20,,1,0,1,0,1,,-20,,,,,
10pcs cookware set royalife,,200,,,62.75,19.5219,75,,1,0,1,0,1,,0,,,,,
B.H.N,,201,,,72,25,90,,1,0,1,0,1,,0,,,,,
platinum 10pcs PL-DB1014,,202,,,65,23.0769,80,,1,0,1,0,1,,-3,,,,,
granite cookware set 10pcs athend series,,203,,,63,19.0476,75,,1,0,1,0,1,,-2,,,,,
unique 10pcs ceramic cookware set,,204,,,58,20.6897,70,,1,0,1,0,1,,0,,,,,
9pcs bowen,,205,,,33,51.5152,50,,1,0,1,0,1,,-1,,,,,
3pcs soup pots,,206,,,17.5,71.4286,30,,1,0,1,0,1,,-4,,,,,
wove beige pots 10pcs,,207,,,28,42.8571,40,,1,1,1,0,1,,-14,,,,,
3pcs soup pot ceramic bowls,,208,,,12.5,60,20,,1,0,1,0,1,,-6,,,,,
17pcs golden tea pot gift box,,209,,,26.5,13.2075,30,,1,0,1,0,1,,-2,,,,,
butter dish 95-30,,210,,,3.5,128.5714,8,,1,0,1,0,1,,-1,,,,,
spice bottle 9612,,211,,,6.2,93.5484,12,,1,0,1,0,1,,0,,,,,
spice rack 8769,,212,,,13,53.8462,20,,1,0,1,0,1,,0,,,,,
spice rack 9414,,213,,,9.2,63.0435,15,,1,0,1,0,1,,0,,,,,
spice bottle 8998,,214,,,13,53.8462,20,,1,0,1,0,1,,-1,,,,,
spice bottle 8772,,215,,,8.2,82.9268,15,,1,0,1,0,1,,-1,,,,,
spice rack 9416,,216,,,15,66.6667,25,,1,0,1,0,1,,-1,,,,,
ceramic bowl 9630,,217,,,21,42.8571,30,,1,0,1,0,1,,0,,,,,
juice extractor,,218,,,45,33.3333,60,,1,0,1,0,1,,0,,,,,
RAF electric kettle R-7915,,219,,,6.5,53.8462,10,,1,0,1,0,1,,-11,,,,,
16pcs dinner set,,220,,,17.5,42.8571,25,,1,1,1,0,1,,-9,,,,,
7pcs canister superior ceramic,,221,,,14.5,72.4138,25,,1,0,1,0,1,,-3,,,,,
prokious bread box,,222,,,26,53.8462,40,,1,0,1,0,1,,0,,,,,
4pcs kitchen storage set,,223,,,17,47.0588,25,,1,0,1,0,1,,-3,,,,,
4pcs RL-070 bread box,,224,,,26,53.8462,40,,1,0,1,0,1,,0,,,,,
4pcs bread box,,225,,,18,94.4444,35,,1,0,1,0,1,,-9,,,,,
canister seasoning bottle,,226,,,16.2,54.321,25,,1,0,1,0,1,,-1,,,,,
grater,,227,,,1.75,71.4286,3,,1,0,1,0,1,,-1,,,,,
seasoning bottle 12pcs,,228,,,13,30.7692,17,,1,0,1,0,1,,-2,,,,,
condimentero giratorio,,229,,,7.2,108.3333,15,,1,0,1,0,1,,-1,,,,,
yufel home fashion botique,,230,,,11.5,73.913,20,,1,0,1,0,1,,0,,,,,
dishes & hands bathing set,,231,,,3.5,128.5714,8,,1,0,1,0,1,,-1,,,,,
3pcs bamboo canisters JC7558,,232,,,11,63.6364,18,,1,0,1,0,1,,0,,,,,
electric shower portable outdoor camping shower,,233,,,21,42.8571,30,,1,0,1,0,1,,-1,,,,,
3pcs coffee candy jar,,234,,,12,50,18,,1,0,1,0,1,,0,,,,,
3pcs coffee set,,235,,,9.5,89.4737,18,,1,0,1,0,1,,-1,,,,,
unique germany kitchen set WLD-20,,236,,,12.6,58.7302,20,,1,0,1,0,1,,-2,,,,,
kitchen knife 7pcs kunsion,,237,,,11,54.5455,17,,1,0,1,0,1,,0,,,,,
tripple teapot pack stainless steel,,238,,,8.5,76.4706,15,,1,0,1,0,1,,-4,,,,,
potato chipper,,239,,,5.5,81.8182,10,,1,0,1,0,1,,-4,,,,,
keep warm food container 2.4l,,240,,,8.5,52.9412,13,,1,0,1,0,1,,-2,,,,,
USB electric egg beater,,241,,,4.8,108.3333,10,,1,0,1,0,1,,-1,,,,,
electro master hand mixer,,242,,,6,66.6667,10,,1,0,1,0,1,,-2,,,,,
3pcs trays,,243,,,4,200,12,,1,0,1,0,1,,-4,,,,,
fruit basket &thicken 3 layer,,244,,,5.5,118.1818,12,,1,0,1,0,1,,-2,,,,,
electric lunch box,,245,,,5,100,10,,1,0,1,0,1,,0,,,,,
4pcs plastic round storage box,,246,,,16,56.25,25,,1,0,1,0,1,,0,,,,,
keep warm & cold lunch box,,247,,,9,177.7778,25,,1,0,1,0,1,,0,,,,,
tingli storage health kitchen,,248,,,8,87.5,15,,1,0,1,0,1,,0,,,,,
lunch box kitchen time,,249,,,7,71.4286,12,,1,0,1,0,1,,-1,,,,,
gain star 14pcs lunch box,,250,,,2.5,100,5,,1,0,1,0,1,,-3,,,,,
ray electric blender R-300,,251,,,15,66.6667,25,,1,0,1,0,1,,-5,,,,,
ray multi electric pot R-5401,,252,,,22,59.0909,35,,1,0,1,0,1,,-1,,,,,
ray airfryer 3in1 R-5302,,253,,,32,40.625,45,,1,0,1,0,1,,0,,,,,
wall mount,,254,,,2.1,138.0952,5,,1,0,1,0,1,,-107,,,,,
movable wall mount,,255,,,9,66.6667,15,,1,1,1,0,1,,-2,,,,,
pressure cooker,,256,,,33,36.3636,45,,1,0,1,0,1,,-3,,,,,
silicon set,,257,,,17,47.0588,25,,1,0,1,0,1,,0,,,,,
3pcs cooker box,,258,,,35,28.5714,45,,1,0,1,0,1,,0,,,,,
RAF rice cooker R-170,,259,,,21,66.6667,35,,1,0,1,0,1,,0,,,,,
big basket silicon,,260,,,8.5,76.4706,15,,1,0,1,0,1,,-2,,,,,
big wooden handle basket,,261,,,5.5,81.8182,10,,1,0,1,0,1,,-1,,,,,
small wooden handle basket,,262,,,3.5,71.4286,6,,1,0,1,0,1,,-3,,,,,
big storage box,,263,,,5.5,118.1818,12,,1,0,1,0,1,,-1,,,,,
small storage box,,264,,,4,150,10,,1,0,1,0,1,,-2,,,,,
luma bella airfryer 9002,,265,,,52,25,65,,1,0,1,0,1,,0,,,,,
RAF food steamer R-5238,,266,,,26,92.3077,50,,1,0,1,0,1,,0,,,,,
hoffman electronics air fryer HM750,,267,,,33,51.5152,50,,1,0,1,0,1,,-1,,,,,
goodlife airfryer CZG-GMD05,,268,,,22,59.0909,35,,1,0,1,0,1,,0,,,,,
wove pan with pan,,269,,,9,66.6667,15,,1,0,1,0,1,,-11,,,,,
wove pan,,270,,,5.5,81.8182,10,,1,0,1,0,1,,-11,,,,,
wove stone,,271,,,5,100,10,,1,0,1,0,1,,-6,,,,,
hot chef pan 8527,,272,,,4,150,10,,1,0,1,0,1,,-2,,,,,
wovw stone pan,,273,,,5.2,92.3077,10,,1,0,1,0,1,,0,,,,,
pan 8797,,274,,,5.2,92.3077,10,,1,0,1,0,1,,0,,,,,
pan 8800,,275,,,7,114.2857,15,,1,0,1,0,1,,-3,,,,,
wove pan 7598,,276,,,5.2,92.3077,10,,1,0,1,0,1,,-3,,,,,
maifansi pan 8803,,277,,,4,150,10,,1,0,1,0,1,,-2,,,,,
hot chef 20cm pan with lid,,278,,,7.2,108.3333,15,,1,0,1,0,1,,-1,,,,,
sokany electric kettle SK-09015,,279,,,9,66.6667,15,,1,0,1,0,1,,-6,,,,,
single cooker box,,280,,,15,33.3333,20,,1,0,1,0,1,,0,,,,,
stanely vaccum cup,,281,,,0,0,12,,1,0,1,0,1,,-4,,,,,
bang vacuum cup,,282,,,3.2,150,8,,1,0,1,0,1,,-11,,,,,
vacuum insulated cup,,283,,,3,166.6667,8,,1,0,1,0,1,,-14,,,,,
classic bottle 900ml,,284,,,4.8,108.3333,10,,1,1,1,0,1,,-4,,,,,
smart cup led display temperature,,285,,,2.7,122.2222,6,,1,0,1,0,1,,-7,,,,,
stainless 1 nox bottle 750ml,,286,,,4,150,10,,1,0,1,0,1,,0,,,,,
vaccum stainless steel flask,,287,,,5.6,78.5714,10,,1,0,1,0,1,,-8,,,,,
switch stanely cup,,288,,,6.1,96.7213,12,,1,0,1,0,1,,-1,,,,,
coffee cup,,289,,,4.9,104.0816,10,,1,0,1,0,1,,0,,,,,
coffee mug,,290,,,3.68,117.3913,8,,1,0,1,0,1,,-1,,,,,
coffe cup,,291,,,3.35,138.806,8,,1,0,1,0,1,,-2,,,,,
good luck everyday coffee cup,,292,,,2.7,122.2222,6,,1,0,1,0,1,,-1,,,,,
healthy happy bottle,,293,,,3,166.6667,8,,1,0,1,0,1,,-2,,,,,
32'' keson ord tv,,294,,,75,23.0769,92.31,,1,1,1,0,1,,-83,,,,,
32'' keson smart tv,,295,,,90,17.6471,105.88,,1,1,1,0,1,,-7,,,,,
22'' keson ord tv,,296,,,32,40.625,45,,1,1,1,0,1,,-18,,,,,
46'' keson led ord tv,,297,,,145,17.2414,170,,1,1,1,0,1,,-9,,,,,
46'' keson smart led tv,,298,,,160,16.129,185.81,,1,1,1,0,1,,-25,,,,,
55'' keson led smart tv,,299,,,260,15.3846,300,,1,0,1,0,1,,-7,,,,,
jimax J-C12,,300,,,30,83.3333,55,,1,0,1,0,1,,-2,,,,,
digimark DGM-651D,,301,,,40,25,50,,1,0,1,0,1,,0,,,,,
keson 5in1 KS-568,,302,,,48,25,60,,1,1,1,0,1,,-6,,,,,
keson 3in1 KS-322,,303,,,38,31.5789,50,,1,0,1,0,1,,-17,,,,,
keson 5in1 KS-588,,304,,,48,25,60,,1,1,1,0,1,,-4,,,,,
nonoo NN-A5,,305,,,45,33.3333,60,,1,0,1,0,1,,0,,,,,
sound bar keson KS-268,,306,,,40,62.5,65,,1,0,1,0,1,,-11,,,,,
keson 3in1 KS-320,,307,,,38,31.5789,50,,1,0,1,0,1,,-5,,,,,
vision sound bar 2001H,,308,,,35,71.4286,60,,1,0,1,0,1,,-8,,,,,
nonoo 3in1 NN-M2,,309,,,35,42.8571,50,,1,0,1,0,1,,-1,,,,,
eagle 3in1 EG207,,310,,,35,42.8571,50,,1,0,1,0,1,,0,,,,,
zunne Z-8836SP,,311,,,37,35.1351,50,,1,0,1,0,1,,-1,,,,,
vision 5in1 VS-6580,,312,,,55,36.3636,75,,1,0,1,0,1,,-2,,,,,
goodlife S-A9128TW,,313,,,40,25,50,,1,0,1,0,1,,-1,,,,,
vision SV-6236 3.1,,315,,,35,42.8571,50,,1,0,1,0,1,,-2,,,,,
vision 3.1 VS-6357,,316,,,35,42.8571,50,,1,0,1,0,1,,-4,,,,,
vision VS-6236,,317,,,35,71.4286,60,,1,0,1,0,1,,-1,,,,,
keson amplifier TK-108,,318,,,21,66.6667,35,,1,0,1,0,1,,-7,,,,,
new star KA-136D,,319,,,36,38.8889,50,,1,0,1,0,1,,-4,,,,,
skycity KA-99999B,,320,,,70,21.4286,85,,1,0,1,0,1,,-6,,,,,
keson amplifier TK-106,,321,,,14,42.8571,20,,1,0,1,0,1,,-11,,,,,
vision aplifier VS-222,,322,,,15,66.6667,25,,1,0,1,0,1,,-1,,,,,
RAF electric 1plate glass,,323,,,16,56.25,25,,1,0,1,0,1,,0,,,,,
vision VS-1256,,324,,,70,21.4286,85,,1,0,1,0,1,,-17,,,,,
A-155 vision speaker,,325,,,70,21.4286,85,,1,0,1,0,1,,-16,,,,,
A-15 vision speaker,,326,,,45,33.3333,60,,1,0,1,0,1,,-5,,,,,
vision VS-1068/33,,327,,,55,18.1818,65,,1,1,1,0,1,,-3,,,,,
vision VS-806,,328,,,38,31.5789,50,,1,0,1,0,1,,-20,,,,,
sanple SP-806,,329,,,38,31.5789,50,,1,0,1,0,1,,-3,,,,,
lunar L-806,,330,,,38,31.5789,50,,1,0,1,0,1,,0,,,,,
vision VS-605,,331,,,38,18.4211,45,,1,0,1,0,1,,0,,,,,
JVC TSN-100 speaker,,332,,,50,20,60,,1,0,1,0,1,,0,,,,,
electro masters water dispenser EM-WD-3090,,333,,,120,12.5,135,,1,0,1,0,1,,-1,,,,,
electro masters water dispenser EM-WD-1389,,334,,,90,16.6667,105,,1,0,1,0,1,,0,,,,,
Q-1503 speaker,,335,,,60,25,75,,1,0,1,0,1,,0,,,,,
digimark DM-15BT speaker,,336,,,60,25,75,,1,0,1,0,1,,-2,,,,,
royal PA-836 speaker,,337,,,45,33.3333,60,,1,0,1,0,1,,-1,,,,,
vision VS-1011V,,338,,,90,22.2222,110,,1,0,1,0,1,,-7,,,,,
vision VS-S1062A,,339,,,90,33.3333,120,,1,0,1,0,1,,-2,,,,,
keson speaker KS-B821,,340,,,77,29.8701,100,,1,0,1,0,1,,-2,,,,,
Toy car BH-602,,341,,,115,17.3913,135,,1,1,1,0,1,,-1,,,,,
swop lambogin car,,342,,,122,22.9508,150,,1,0,1,0,1,,-1,,,,,
police toy car,,343,,,82,21.9512,100,,1,0,1,0,1,,0,,,,,
super force BNHMOTO-5188,,344,,,82,21.9512,100,,1,1,1,0,1,,-5,,,,,
beyond the limit,,345,,,72,25,90,,1,0,1,0,1,,0,,,,,
RAF iron R-127GG,,346,,,7.5,100,15,,1,0,1,0,1,,-2,,,,,
sokany steamer R-2608,,347,,,8.5,76.4706,15,,1,0,1,0,1,,-1,,,,,
RAF iron R-11218G,,348,,,6.91,189.4356,20,,1,0,1,0,1,,0,,,,,
RAF iron R-1105,,349,,,7.68,160.4167,20,,1,0,1,0,1,,-1,,,,,
RAF iron R-1168,,350,,,12,66.6667,20,,1,0,1,0,1,,-8,,,,,
RAF iron R-1029G,,351,,,7.5,100,15,,1,0,1,0,1,,-3,,,,,
RAF iron R-1225G,,352,,,14,78.5714,25,,1,0,1,0,1,,-2,,,,,
RAF iron R-1168R,,353,,,9.98,150.501,25,,1,0,1,0,1,,-1,,,,,
electro masters dryiron EM-D1-1008,,354,,,6,66.6667,10,,1,1,1,0,1,,-31,,,,,
RAF iron R-1301,,355,,,13.5,85.1852,25,,1,0,1,0,1,,0,,,,,
RAF iron R-1209G,,356,,,12,108.3333,25,,1,0,1,0,1,,-1,,,,,
dry iron electro masters EM-D1-1004,,358,,,11.2,78.5714,20,,1,0,1,0,1,,-3,,,,,
RAF iron R-1207B,,359,,,14.4,73.6111,25,,1,0,1,0,1,,-3,,,,,
RAF iron R-1117,,360,,,12.5,100,25,,1,0,1,0,1,,-6,,,,,
electro master EM-S1-1-23,,361,,,0,0,25,,1,0,1,0,1,,0,,,,,
electro masters EM-S1-1904,,362,,,13,92.3077,25,,1,1,1,0,1,,-4,,,,,
electro masters EM51-1025,,363,,,14,78.5714,25,,1,0,1,0,1,,-1,,,,,
RAF iron R-1234G,,364,,,9.5,57.8947,15,,1,1,1,0,1,,-2,,,,,
keson amplifier TK-109,,365,,,17,47.0588,25,,1,0,1,0,1,,-5,,,,,
vision VS-VA5505,,366,,,70,21.4286,85,,1,0,1,0,1,,-6,,,,,
keson TK-108 amplifier,,367,,,20,75,35,,1,0,1,0,1,,-11,,,,,
half satelite dish,,368,,,8,87.5,15,,1,0,1,0,1,,-45,,,,,
sport bottle mockup super,,369,,,3.8,110.5263,8,,1,0,1,0,1,,-4,,,,,
sport bottle non-toxic,,370,,,2,100,4,,1,0,1,0,1,,-1,,,,,
juice school bottle,,371,,,1.99,101.005,4,,1,0,1,0,1,,-17,,,,,
small cartoon bottle,,372,,,1.8,66.6667,3,,1,0,1,0,1,,-4,,,,,
small bottle,,373,,,1.2,150,3,,1,0,1,0,1,,-5,,,,,
small bali knife,,374,,,0.2,150,0.5,,1,0,1,0,1,,0,,,,,
3pcs motivational bottle,,375,,,4,150,10,,1,0,1,0,1,,-2,,,,,
electro coffee maker,,376,,,28,42.8571,40,,1,0,1,0,1,,0,,,,,
eggs storage 32holes,,377,,,4.5,122.2222,10,,1,0,1,0,1,,-1,,,,,
deer box 18holes eggs organisers,,378,,,3.5,128.5714,8,,1,0,1,0,1,,0,,,,,
hot water flask,,379,,,8,87.5,15,,1,0,1,0,1,,-1,,,,,
car fridge,,380,,,45,33.3333,60,,1,0,1,0,1,,0,,,,,
sast car fridge,,381,,,45,33.3333,60,,1,0,1,0,1,,0,,,,,
Samsung galaxy ao6 64+4,MOBILE PHONES AND ACCESORIES,382,,,80,18.75,95,,1,1,1,0,1,,-2,,,,,
samsung galaxy a06 128+4,MOBILE PHONES AND ACCESORIES,383,,,98,17.3469,115,,1,1,1,0,1,,-24,,,,,
Samsung galaxy f06 128+4,MOBILE PHONES AND ACCESORIES,384,,,127,20,152.4,,1,1,1,0,1,,-17,,,,,
samsung galaxy a16 128+4,MOBILE PHONES AND ACCESORIES,385,,,125,12,140,,1,1,1,0,1,,-7,,,,,
samsung galaxy a16 256+8,MOBILE PHONES AND ACCESORIES,386,,,190,11.1111,211.11,,1,1,1,0,1,,-8,,,,,
samsung galaxy a07 128+4,MOBILE PHONES AND ACCESORIES,387,,,113,16.5049,131.65,,1,1,1,0,1,,-11,,,,,
samsung galaxy a07 64+4,MOBILE PHONES AND ACCESORIES,388,,,100,15,115,,1,1,1,0,1,,-24,,,,,
samsung galaxy m07 64+4,MOBILE PHONES AND ACCESORIES,389,,,100,20,120,,1,1,1,0,1,,-19,,,,,
samsung galaxy a17 128+4,MOBILE PHONES AND ACCESORIES,390,,,145,10.3448,160,,1,0,1,0,1,,-4,,,,,
samsung galaxy f05 64+4,MOBILE PHONES AND ACCESORIES,391,,,77,16.8831,90,,1,1,1,0,1,,-26,,,,,
samsung galaxy m36 128+6,MOBILE PHONES AND ACCESORIES,392,,,168,7.1429,180,,1,1,1,0,1,,-9,,,,,
Itel a18 32gb,MOBILE PHONES AND ACCESORIES,393,,,38,31.5789,50,,1,1,1,0,1,,-16,,,,,
itel a20 32gb,MOBILE PHONES AND ACCESORIES,394,,,44,25,55,,1,0,1,0,1,,-13,,,,,
itel a06 64gb,MOBILE PHONES AND ACCESORIES,395,,,57,22.807,70,,1,1,1,0,1,,-40,,,,,
itel a90 128gb,MOBILE PHONES AND ACCESORIES,396,,,72,25,90,,1,1,1,0,1,,-1,,,,,
itel s23+ 256gb,MOBILE PHONES AND ACCESORIES,397,,,157,14.6497,180,,1,0,1,0,1,,-1,,,,,
itel a80 128gb,MOBILE PHONES AND ACCESORIES,398,,,75,20,90,,1,0,1,0,1,,0,,,,,
itel city 100 128gb,MOBILE PHONES AND ACCESORIES,399,,,82,15.8537,95,,1,1,1,0,1,,-4,,,,,
itel a100c 64gb,MOBILE PHONES AND ACCESORIES,400,,,64,25,80,,1,1,1,0,1,,-31,,,,,
itel p70 128gb,MOBILE PHONES AND ACCESORIES,401,,,90,22.2222,110,,1,1,1,0,1,,-3,,,,,
itel a05s 32gb,MOBILE PHONES AND ACCESORIES,402,,,54,29.6296,70,,1,1,1,0,1,,-22,,,,,
itel a100 128gb,MOBILE PHONES AND ACCESORIES,403,,,80,18.75,95,,1,1,1,0,1,,-16,,,,,
tecno pop 10c 64gb,MOBILE PHONES AND ACCESORIES,404,,,75,20,90,,1,0,1,0,1,,-1,,,,,
techno spark 40 128g + 4,MOBILE PHONES AND ACCESORIES,405,2.60E+12,,107,22.2222,130.78,,1,1,1,0,1,,-9,,,,,
techno spark 40 256g +8,MOBILE PHONES AND ACCESORIES,406,2.60E+12,,120,16.6667,140,,1,0,1,0,1,,-2,,,,,
redmi 14c 256g + 6,MOBILE PHONES AND ACCESORIES,407,2.60E+12,,110,13.6364,125,,1,0,1,0,1,,-1,,,,,
redmi A5 64g + 4,MOBILE PHONES AND ACCESORIES,408,2.60E+12,,80,20,96,,1,1,1,0,1,,-8,,,,,
redmi A5 128g + 4,MOBILE PHONES AND ACCESORIES,409,2.60E+12,,90,17.6471,105.88,,1,1,1,0,1,,-9,,,,,
redmi 15C 128g,MOBILE PHONES AND ACCESORIES,410,2.60E+12,,102,17.6471,120,,1,1,1,0,1,,-4,,,,,
redmi 15c 256g,MOBILE PHONES AND ACCESORIES,411,2.60E+12,,120,16.6667,140,,1,0,1,0,1,,-7,,,,,
nokia C32,MOBILE PHONES AND ACCESORIES,412,2.60E+12,,78,15.3846,90,,1,0,1,0,1,,-1,,,,,
ZTE A56 128g,MOBILE PHONES AND ACCESORIES,413,2.60E+12,,80,18.75,95,,1,0,1,0,1,,-8,,,,,
ZTE V60 design 256g,MOBILE PHONES AND ACCESORIES,414,2.60E+12,,100,20,120,,1,0,1,0,1,,0,,,,,
ZTE A35e 64g,MOBILE PHONES AND ACCESORIES,415,2.60E+12,,68,17.6471,80,,1,1,1,0,1,,-9,,,,,
Huawei 5x,MOBILE PHONES AND ACCESORIES,416,2.60E+12,,23,57.8947,36.32,,1,1,1,0,1,,-9,,,,,
huawei 5a,MOBILE PHONES AND ACCESORIES,417,2.60E+12,,23,57.8947,36.32,,1,1,1,0,1,,-9,,,,,
huawei Y9 prime 2018,MOBILE PHONES AND ACCESORIES,418,2.60E+12,,33,36.3636,45,,1,0,1,0,1,,-5,,,,,
huawei Y7 prime 2017,MOBILE PHONES AND ACCESORIES,419,2.60E+12,,27,48.1481,40,,1,0,1,0,1,,0,,,,,
REDMI note 5 A,MOBILE PHONES AND ACCESORIES,420,2.60E+12,,23,52.1739,35,,1,1,1,0,1,,-4,,,,,
vivo v17,MOBILE PHONES AND ACCESORIES,421,2.60E+12,,40,25,50,,1,0,1,0,1,,-3,,,,,
oppo A53,MOBILE PHONES AND ACCESORIES,422,2.60E+12,,23,52.1739,35,,1,0,1,0,1,,-7,,,,,
huawei y6 prime 2018,MOBILE PHONES AND ACCESORIES,423,2.60E+12,,23,52.1739,35,,1,1,1,0,1,,-9,,,,,
huawei p smart 2021,MOBILE PHONES AND ACCESORIES,424,2.60E+12,,50,30,65,,1,0,1,0,1,,-2,,,,,
huawei y7 prime 2018,MOBILE PHONES AND ACCESORIES,425,2.60E+12,,30,33.3333,40,,1,1,1,0,1,,-16,,,,,
oppo a53s,MOBILE PHONES AND ACCESORIES,426,2.60E+12,,55,18.1818,65,,1,0,1,0,1,,-2,,,,,
villaon v45 64g + 4,MOBILE PHONES AND ACCESORIES,427,2.60E+12,,52,35.4167,70.42,,1,1,1,0,1,,-46,,,,,
villaon v40 32g + 4,MOBILE PHONES AND ACCESORIES,428,2.60E+12,,45,33.3333,60,,1,0,1,0,1,,-4,,,,,
villaon v40s 32g + 4,MOBILE PHONES AND ACCESORIES,429,2.60E+12,,50,30,65,,1,0,1,0,1,,-11,,,,,
villaon v25 64g+ 4,MOBILE PHONES AND ACCESORIES,430,2.60E+12,,39,28.2051,50,,1,1,1,0,1,,-46,,,,,
villaon v40s 64 + 8,MOBILE PHONES AND ACCESORIES,431,2.60E+12,,53,32.0755,70,,1,0,1,0,1,,-17,,,,,
king kon 128g + 6,MOBILE PHONES AND ACCESORIES,432,2.60E+12,,110,18.1818,130,,1,1,1,0,1,,-10,,,,,
nokia 10s,MOBILE PHONES AND ACCESORIES,433,2.60E+12,,10,50,15,,1,0,1,0,1,,0,,,,,
h-mobile 5616,MOBILE PHONES AND ACCESORIES,434,2.60E+12,,7.2,66.6667,12,,1,0,1,0,1,,-1,,,,,
itel 5606,MOBILE PHONES AND ACCESORIES,435,2.60E+12,,10.5,42.8571,15,,1,0,1,0,1,,-54,,,,,
itel 2165,MOBILE PHONES AND ACCESORIES,436,2.60E+12,,6.8,47.0588,10,,1,0,1,0,1,,-123,,,,,
bm10,MOBILE PHONES AND ACCESORIES,437,2.60E+12,,7,114.2857,15,,1,0,1,0,1,,-6,,,,,
kgtel K-NO1,MOBILE PHONES AND ACCESORIES,438,2.60E+12,,7.2,66.6667,12,,1,1,1,0,1,,-3,,,,,
Smart watch storm ultra ISW-023,MOBILE PHONES AND ACCESORIES,439,2.60E+12,,20,75,35,,1,0,1,0,1,,0,,,,,
oraimo watch nova OSW-812,MOBILE PHONES AND ACCESORIES,440,2.60E+12,,25,40,35,,1,0,1,0,1,,0,,,,,
smart watch horizon ISW-N8,MOBILE PHONES AND ACCESORIES,441,2.60E+12,,23,52.1739,35,,1,0,1,0,1,,-1,,,,,
tecno buds 4 air BD04 Air,MOBILE PHONES AND ACCESORIES,442,2.60E+12,,8,87.5,15,,1,0,1,0,1,,-2,,,,,
micro sd card 64gb M202B,MOBILE PHONES AND ACCESORIES,443,2.60E+12,,5,200,15,,1,0,1,0,1,,-3,,,,,
micro sd card 32gb M202B,MOBILE PHONES AND ACCESORIES,444,2.60E+12,,2.8,257.1429,10,,1,0,1,0,1,,-39,,,,,
sandisk ultra micro sd card 16gb,MOBILE PHONES AND ACCESORIES,445,2.60E+12,,2.8,150,7,,1,0,1,0,1,,0,,,,,
micro sd card 8gb,MOBILE PHONES AND ACCESORIES,446,2.60E+12,,2.5,100,5,,1,0,1,0,1,,-52,,,,,
micro sd card 16gb,MOBILE PHONES AND ACCESORIES,447,2.60E+12,,2.8,150,7,,1,0,1,0,1,,-11,,,,,
micro sd card 4gb,MOBILE PHONES AND ACCESORIES,448,2.60E+12,,2,100,4,,1,0,1,0,1,,-25,,,,,
sandisk cruzer blade flash 64gb,MOBILE PHONES AND ACCESORIES,449,2.60E+12,,5,200,15,,1,0,1,0,1,,-9,,,,,
DIGIRI flash 16gb,MOBILE PHONES AND ACCESORIES,450,2.60E+12,,2.8,150,7,,1,0,1,0,1,,-34,,,,,
DIGIRI flash 2gb,MOBILE PHONES AND ACCESORIES,451,2.60E+12,,1.8,66.6667,3,,1,0,1,0,1,,-32,,,,,
c to c head,MOBILE PHONES AND ACCESORIES,452,2.60E+12,,1.8,177.7778,5,,1,0,1,0,1,,-134,,,,,
ultra 3 smart watch T10,MOBILE PHONES AND ACCESORIES,453,2.60E+12,,5,100,10,,1,0,1,0,1,,-13,,,,,
ultra smart watch T3000,MOBILE PHONES AND ACCESORIES,454,2.60E+12,,5,100,10,,1,0,1,0,1,,-4,,,,,
T sport smart watch,MOBILE PHONES AND ACCESORIES,455,2.60E+12,,5,100,10,,1,0,1,0,1,,-3,,,,,
type c to usb hub 3.0,MOBILE PHONES AND ACCESORIES,456,2.60E+12,,2,150,5,,1,0,1,0,1,,-7,,,,,
wireless mobile wifi pro mf688,MOBILE PHONES AND ACCESORIES,457,2.60E+12,,17,47.0588,25,,1,0,1,0,1,,-6,,,,,
ultra pods max 5.3,MOBILE PHONES AND ACCESORIES,458,2.60E+12,,2.5,100,5,,1,0,1,0,1,,-32,,,,,
tws f9-5 earbuds,MOBILE PHONES AND ACCESORIES,459,2.60E+12,,2.5,100,5,,1,1,1,0,1,,-8,,,,,
m19 earbuds v5.3,MOBILE PHONES AND ACCESORIES,460,2.60E+12,,2.5,100,5,,1,0,1,0,1,,-10,,,,,
m20 earbuds v5.3,MOBILE PHONES AND ACCESORIES,461,2.60E+12,,2.5,100,5,,1,0,1,0,1,,-27,,,,,
sterio earbuds 895b,MOBILE PHONES AND ACCESORIES,462,2.60E+12,,2.5,100,5,,1,0,1,0,1,,-4,,,,,
iphone x 10s earphones,MOBILE PHONES AND ACCESORIES,463,2.60E+12,,2.5,100,5,,1,0,1,0,1,,-2,,,,,
samsung galaxy buds pro9,MOBILE PHONES AND ACCESORIES,464,2.60E+12,,8,87.5,15,,1,0,1,0,1,,-3,,,,,
earpods,MOBILE PHONES AND ACCESORIES,465,2.60E+12,,2,150,5,,1,0,1,0,1,,-25,,,,,
galaxy buds pro 7,MOBILE PHONES AND ACCESORIES,466,2.60E+12,,8,87.5,15,,1,0,1,0,1,,-7,,,,,
lte advanced mobile cpe mt30,MOBILE PHONES AND ACCESORIES,467,2.60E+12,,35,28.5714,45,,1,0,1,0,1,,-1,,,,,
jbl led pro 50 v5.4,MOBILE PHONES AND ACCESORIES,468,2.60E+12,,8,87.5,15,,1,0,1,0,1,,-3,,,,,
multi function vehicle inverter x-838,,469,,,9,66.6667,15,,1,0,1,0,1,,-1,,,,,
tecno 6a f.j 608,MOBILE PHONES AND ACCESORIES,470,2.60E+12,,1.5,233.3333,5,,1,0,1,0,1,,0,,,,,
neck headset uni.121,MOBILE PHONES AND ACCESORIES,471,2.60E+12,,3.5,185.7143,10,,1,1,1,0,1,,-1,,,,,
magnetic sport bluetooth headphones bc-002,MOBILE PHONES AND ACCESORIES,472,2.60E+12,,3.5,128.5714,8,,1,0,1,0,1,,-1,,,,,
privacy temper glass,MOBILE PHONES AND ACCESORIES,473,2.60E+12,,2,150,5,,1,0,1,0,1,,-330,,,,,
full glue temper glass,MOBILE PHONES AND ACCESORIES,474,2.60E+12,,1,400,5,,1,0,1,0,1,,-132,,,,,
ordinary temper glass,MOBILE PHONES AND ACCESORIES,475,2.60E+12,,0.2,400,1,,1,0,1,0,1,,-27,,,,,
hands free earphones vk-w53,MOBILE PHONES AND ACCESORIES,476,2.60E+12,,2.5,100,5,,1,0,1,0,1,,-3,,,,,
hi speed 10 port usb plh-001,MOBILE PHONES AND ACCESORIES,477,2.60E+12,,6,66.6667,10,,1,0,1,0,1,,0,,,,,
2.4g wireless mouse 3100,MOBILE PHONES AND ACCESORIES,478,2.60E+12,,2.5,100,5,,1,0,1,0,1,,-6,,,,,
earphones lightning connector vk17,MOBILE PHONES AND ACCESORIES,479,2.60E+12,,2.5,100,5,,1,0,1,0,1,,-2,,,,,
itel power pulse fast bundle 27000mah,MOBILE PHONES AND ACCESORIES,480,2.60E+12,,19,57.8947,30,,1,0,1,0,1,,-2,,,,,
sindu car charger 15w c006,MOBILE PHONES AND ACCESORIES,481,2.60E+12,,1.5,233.3333,5,,1,0,1,0,1,,-5,,,,,
sindu car charger c007,MOBILE PHONES AND ACCESORIES,482,2.60E+12,,1.5,233.3333,5,,1,0,1,0,1,,-4,,,,,
sindu 2.4a dual port a003,MOBILE PHONES AND ACCESORIES,483,2.60E+12,,1.5,233.3333,5,,1,0,1,0,1,,-3,,,,,
sindu data cable classic dc002,MOBILE PHONES AND ACCESORIES,484,2.60E+12,,0.5,300,2,,1,0,1,0,1,,-2,,,,,
sindu data cable dc001,MOBILE PHONES AND ACCESORIES,485,2.60E+12,,1.4,114.2857,3,,1,0,1,0,1,,-9,,,,,
sindu earphones e007,MOBILE PHONES AND ACCESORIES,486,2.60E+12,,1,400,5,,1,1,1,0,1,,-2,,,,,
vivo universal earphones v38,MOBILE PHONES AND ACCESORIES,487,,,1,100,2,,1,0,1,0,1,,-1,,,,,
huawei earphones 67m,MOBILE PHONES AND ACCESORIES,488,2.60E+12,,1,100,2,,1,0,1,0,1,,0,,,,,
stereo earphones e35,MOBILE PHONES AND ACCESORIES,489,,,1,100,2,,1,0,1,0,1,,-8,,,,,
tecno stereo headset te22,MOBILE PHONES AND ACCESORIES,490,,,1,100,2,,1,0,1,0,1,,-7,,,,,
mi earphones basic m38,MOBILE PHONES AND ACCESORIES,491,,,1,100,2,,1,0,1,0,1,,-19,,,,,
computer cable 2.0,MOBILE PHONES AND ACCESORIES,492,,,1.5,100,3,,1,0,1,0,1,,-1,,,,,
protea car charger 6500c,MOBILE PHONES AND ACCESORIES,493,,,0.3,233.3333,1,,1,0,1,0,1,,-8,,,,,
casio scientific culculator 7x991es,MOBILE PHONES AND ACCESORIES,494,,,7.5,100,15,,1,0,1,0,1,,-1,,,,,
av codes vhs high grade cable,MOBILE PHONES AND ACCESORIES,495,,,1.5,100,3,,1,0,1,0,1,,-11,,,,,
allison modulator als-a667,MOBILE PHONES AND ACCESORIES,496,,,2.5,100,5,,1,0,1,0,1,,-10,,,,,
sindu car charger c002,MOBILE PHONES AND ACCESORIES,497,,,1,400,5,,1,0,1,0,1,,-4,,,,,
kbroad kcb -901,MOBILE PHONES AND ACCESORIES,498,,,2.5,100,5,,1,0,1,0,1,,-3,,,,,
multifunction wireless car player c1,MOBILE PHONES AND ACCESORIES,499,,,2.5,100,5,,1,0,1,0,1,,-1,,,,,
allison bluetooth transmitter als-a137,,500,,,2.5,100,5,,1,0,1,0,1,,-2,,,,,
multifunction wireless car player c2,MOBILE PHONES AND ACCESORIES,501,,,2.5,100,5,,1,0,1,0,1,,-2,,,,,
sindu car charger 12w charging c003,MOBILE PHONES AND ACCESORIES,502,,,1.6,212.5,5,,1,0,1,0,1,,-7,,,,,
car fm player m47,MOBILE PHONES AND ACCESORIES,503,,,2.5,100,5,,1,0,1,0,1,,0,,,,,
lighting to headphone jack adapter,MOBILE PHONES AND ACCESORIES,504,,,1,100,2,,1,0,1,0,1,,0,,,,,
samsung galaxy s10+ akg,MOBILE PHONES AND ACCESORIES,505,,,2,50,3,,1,0,1,0,1,,-8,,,,,
samsung car charger dual port (45w/15),MOBILE PHONES AND ACCESORIES,506,,,3,66.6667,5,,1,0,1,0,1,,-26,,,,,
16 pro max usb-c,MOBILE PHONES AND ACCESORIES,507,,,2.5,100,5,,1,0,1,0,1,,-7,,,,,
samsung pn20,MOBILE PHONES AND ACCESORIES,508,,,2.5,100,5,,1,0,1,0,1,,-4,,,,,
sindu car charger c005,MOBILE PHONES AND ACCESORIES,509,,,1.5,233.3333,5,,1,0,1,0,1,,0,,,,,
type c to 3.5 aux audio,MOBILE PHONES AND ACCESORIES,510,,,1,200,3,,1,0,1,0,1,,-3,,,,,
65w pd power adapter trio,MOBILE PHONES AND ACCESORIES,511,,,5,100,10,,1,0,1,0,1,,-21,,,,,
sindu data cable micro dc007,MOBILE PHONES AND ACCESORIES,512,,,0.5,300,2,,1,0,1,0,1,,-8,,,,,
sindu data cabble ;2m type c dc0017,MOBILE PHONES AND ACCESORIES,513,,,0.5,300,2,,1,0,1,0,1,,-2,,,,,
sindu data cable type c dc007,MOBILE PHONES AND ACCESORIES,514,,,0.7,185.7143,2,,1,0,1,0,1,,-4,,,,,
sindu data cable 2m c to c dc0027,MOBILE PHONES AND ACCESORIES,515,,,1.5,100,3,,1,0,1,0,1,,-4,,,,,
hdtv 1.5m cable,MOBILE PHONES AND ACCESORIES,516,,,3,133.3333,7,,1,0,1,0,1,,-4,,,,,
pc dual shock joy pad u.com704,MOBILE PHONES AND ACCESORIES,517,,,3.5,42.8571,5,,1,0,1,0,1,,-14,,,,,
double shock controller usb 208b,MOBILE PHONES AND ACCESORIES,518,,,6,66.6667,10,,1,0,1,0,1,,-4,,,,,
usb cable c to c s23 camsung cable,MOBILE PHONES AND ACCESORIES,519,,,1.5,100,3,,1,1,1,0,1,,-41,,,,,
samsung type c earphones,MOBILE PHONES AND ACCESORIES,520,,,2.5,100,5,,1,0,1,0,1,,-11,,,,,
hdtv cable 5m,MOBILE PHONES AND ACCESORIES,521,,,2.5,100,5,,1,0,1,0,1,,-3,,,,,
3 in 1 hdtv 1.5m,MOBILE PHONES AND ACCESORIES,522,,,2,150,5,,1,0,1,0,1,,-3,,,,,
sindu type c data cable dc002,MOBILE PHONES AND ACCESORIES,523,,,0.5,500,3,,1,0,1,0,1,,-5,,,,,
otg + usb,MOBILE PHONES AND ACCESORIES,524,,,0.3,566.6667,2,,1,0,1,0,1,,-7,,,,,
type c otg,MOBILE PHONES AND ACCESORIES,525,,,0.33,506.0606,2,,1,0,1,0,1,,-30,,,,,
car player m48,MOBILE PHONES AND ACCESORIES,526,,,2.4,108.3333,5,,1,0,1,0,1,,-1,,,,,
allison car charger als -a46,MOBILE PHONES AND ACCESORIES,527,,,2.6,92.3077,5,,1,0,1,0,1,,-1,,,,,
t flash,MOBILE PHONES AND ACCESORIES,528,,,0.2,150,0.5,,1,0,1,0,1,,-25,,,,,
vip 4 inputs,MOBILE PHONES AND ACCESORIES,529,,,0.8,275,3,,1,0,1,0,1,,-21,,,,,
usb to classic cable,MOBILE PHONES AND ACCESORIES,530,,,0.4,400,2,,1,0,1,0,1,,0,,,,,
usb to c cable,MOBILE PHONES AND ACCESORIES,531,,,0.4,400,2,,1,0,1,0,1,,-1,,,,,
sony ult power sound wh-ult900n,MOBILE PHONES AND ACCESORIES,532,,,15,66.6667,25,,1,0,1,0,1,,-1,,,,,
jbl harman t03nc,MOBILE PHONES AND ACCESORIES,533,,,15,66.6667,25,,1,0,1,0,1,,-1,,,,,
jbl harman pure bass live 89nc,MOBILE PHONES AND ACCESORIES,534,,,12,66.6667,20,,1,0,1,0,1,,-1,,,,,
air pods max 9s,MOBILE PHONES AND ACCESORIES,535,,,10,100,20,,1,0,1,0,1,,-3,,,,,
oraimo headphones boom pop 2s,MOBILE PHONES AND ACCESORIES,536,,,18,66.6667,30,,1,0,1,0,1,,-3,,,,,
sivia wireless stereo si 15,MOBILE PHONES AND ACCESORIES,537,,,4,275,15,,1,0,1,0,1,,0,,,,,
sivia wireless headphone si23,MOBILE PHONES AND ACCESORIES,538,,,5,100,10,,1,0,1,0,1,,-5,,,,,
p47 wireless headphone 5.0+edr,MOBILE PHONES AND ACCESORIES,539,,,2.5,100,5,,1,0,1,0,1,,-12,,,,,
oraimo smart accessories clipper opc cl30,MOBILE PHONES AND ACCESORIES,540,,,17,47.0588,25,,1,0,1,0,1,,-6,,,,,
waikil super clipper no1 american style,MOBILE PHONES AND ACCESORIES,541,,,7,114.2857,15,,1,0,1,0,1,,-12,,,,,
RAF hair clipper R-482,,542,,,2.5,100,5,,1,0,1,0,1,,-25,,,,,
itel smart trimmer t13,,543,,,9,66.6667,15,,1,0,1,0,1,,-4,,,,,
jin chaoba huang 808,MOBILE PHONES AND ACCESORIES,544,,,4.5,122.2222,10,,1,0,1,0,1,,-12,,,,,
oraimo smart clipper plus ocl -210,,545,,,14,42.8571,20,,1,1,1,0,1,,-2,,,,,
itel hair clipper clasic,,546,,,14,42.8571,20,,1,0,1,0,1,,0,,,,,
kimiso kms-808,,547,,,12,66.6667,20,,1,0,1,0,1,,-2,,,,,
kimiso portable speaker kms 300,MOBILE PHONES AND ACCESORIES,548,,,13.1,90.8397,25,,1,0,1,0,1,,-3,,,,,
kimiso kms 217,,549,,,11,63.6364,18,,1,0,1,0,1,,-5,,,,,
kimiso kms 239,,550,,,12,66.6667,20,,1,0,1,0,1,,-2,,,,,
kimiso km 279,,551,,,15.5,61.2903,25,,1,0,1,0,1,,-4,,,,,
oraimo rover speaker obs53d,,552,,,17,47.0588,25,,1,0,1,0,1,,-2,,,,,
chaige 6 wireless speaker tws couplet,,553,,,9,122.2222,20,,1,0,1,0,1,,-6,,,,,
kimiso kms 274,,554,,,8.2,70.7317,14,,1,0,1,0,1,,-5,,,,,
oraimo boom obs 75d,,555,,,42,42.8571,60,,1,0,1,0,1,,-3,,,,,
oraimo spacebox pro obs-682,,556,,,60,25,75,,1,0,1,0,1,,-3,,,,,
kimiso kms 215,,557,,,7.5,60,12,,1,0,1,0,1,,-4,,,,,
keson ks-293,,558,,,4.9,104.0816,10,,1,0,1,0,1,,-6,,,,,
keson ks-290,,559,,,4.9,104.0816,10,,1,0,1,0,1,,-5,,,,,
mdhl md-5302,,560,,,15,66.6667,25,,1,0,1,0,1,,0,,,,,
nss ns-8075,,561,,,7.9,89.8734,15,,1,0,1,0,1,,-2,,,,,
sv2 sz-l9 mini sun,,562,,,5.6,167.8571,15,,1,0,1,0,1,,-4,,,,,
electro masters em-cmp5-6043,,563,,,40,37.5,55,,1,0,1,0,1,,0,,,,,
electro masters em-cmp3-6042,,564,,,9,66.6667,15,,1,0,1,0,1,,-14,,,,,
itel power pulse 27000mah b1481,,565,,,19,31.5789,25,,1,0,1,0,1,,-1,,,,,
p9 ultra 2,,566,,,10,100,20,,1,0,1,0,1,,-1,,,,,
sindu headset hp004,,567,,,8,150,20,,1,0,1,0,1,,-3,,,,,
s2000 pro max smart watch,,568,,,8,212.5,25,,1,0,1,0,1,,-1,,,,,
d30 ultra 2+s9,,569,,,12,66.6667,20,,1,0,1,0,1,,-1,,,,,
sindu headphone hp001,,570,,,6.5,130.7692,15,,1,0,1,0,1,,-1,,,,,
sivia headphones si15,,571,,,4,150,10,,1,0,1,0,1,,0,,,,,
p9 headphone,,572,,,3.5,185.7143,10,,1,0,1,0,1,,-3,,,,,
marshal major v bt50,,573,,,6,100,12,,1,0,1,0,1,,-1,,,,,
charge 4+ portable wireless speaker,,574,,,8,87.5,15,,1,0,1,0,1,,0,,,,,
jbl harman headphones tune 510bt,,575,,,12,25,15,,1,0,1,0,1,,-2,,,,,
mdhl car vacuum cleaner md-a3,,576,,,9.5,163.1579,25,,1,0,1,0,1,,0,,,,,
ladies pouch,,577,,,2,150,5,,1,0,1,0,1,,-194,,,,,
mens pouch,,578,,,2,150,5,,1,1,1,0,1,,-213,,,,,
oraimo dual usb 2.4a fast charger,,579,,,3.5,100,7,,1,0,1,0,1,,-2,,,,,
oraimo ultra fast car charger occ-1152d,,580,,,2.5,100,5,,1,0,1,0,1,,-3,,,,,
oraimo 65w all in one cgarger,,581,,,20,50,30,,1,1,1,0,1,,-1,,,,,
itel 5w charger usb-a to micro cable,,582,,,2.1,138.0952,5,,1,0,1,0,1,,-9,,,,,
itel power pulse 10000mah 20w type c,,583,,,9,66.6667,15,,1,0,1,0,1,,-2,,,,,
tecno 10000mah tpb -p103 3 ports portable,,584,,,9,66.6667,15,,1,0,1,0,1,,-2,,,,,
itel car charger 15w dual ports,,585,,,2.5,100,5,,1,0,1,0,1,,-1,,,,,
itel charger 1cw-081em,,586,,,2,150,5,,1,0,1,0,1,,0,,,,,
itel charger pulse 12w dual port type c,,587,,,2.3,117.3913,5,,1,0,1,0,1,,0,,,,,
oraimo charger 12w type c ocw - 1121utc53,,588,,,2.3,117.3913,5,,1,0,1,0,1,,-25,,,,,
oraimo cable type c ocd 114c,,589,,,0.8,275,3,,1,1,1,0,1,,-41,,,,,
oraimo cable micro usb,,590,,,0.8,275,3,,1,0,1,0,1,,-3,,,,,
itel charger lite 12w usb-a port type c,,591,,,2.3,117.3913,5,,1,0,1,0,1,,-5,,,,,
itel charger 2a fast charging icw102em,,592,,,2.1,138.0952,5,,1,0,1,0,1,,-2,,,,,
power easy 5000 buit in type c cable and power bank,,593,,,6,66.6667,10,,1,0,1,0,1,,0,,,,,
oraimo power bank 10000mah,,594,,,8.5,76.4706,15,,1,0,1,0,1,,-7,,,,,
oraimo 18w rapid charge,,595,,,4.2,66.6667,7,,1,0,1,0,1,,-5,,,,,
oraimo power bank 20000mah,,596,,,12,108.3333,25,,1,0,1,0,1,,-13,,,,,
oraimo power bank 27000mah,,597,,,18,38.8889,25,,1,0,1,0,1,,-4,,,,,
oraimo 2a fast charging lightning,,598,,,2.3,117.3913,5,,1,0,1,0,1,,-2,,,,,
itel cable pulse usb-a to micro,,599,,,1,200,3,,1,0,1,0,1,,-5,,,,,
itel usb-a to type c cable icd-e24s,,600,,,1.5,100,3,,1,0,1,0,1,,-13,,,,,
oraimo melodious sound halo 2s oep - e21p,,601,,,2.1,138.0952,5,,1,0,1,0,1,,-2,,,,,
oraimo ultra portable micro usb ocw-1061u+m53,,602,,,0.9,233.3333,3,,1,0,1,0,1,,0,,,,,
tecno 33w u330tkb+c11 compact inbox kit,,603,,,7,42.8571,10,,1,0,1,0,1,,0,,,,,
oraimo efficient and durable ocw-u37sp+m53,,604,,,2.1,138.0952,5,,1,0,1,0,1,,-13,,,,,
100w ceedee flood light led,,605,,,0,0,35,,1,0,1,0,1,,-3,,,,,
9pcs cannister salt shaker,,606,,,0,0,20,,1,0,1,0,1,,-2,,,,,
30w solar panel,,607,,,9,33.3333,12,,1,0,1,0,1,,-19,,,,,
lunch bag,,608,,,4,100,8,,1,1,1,0,1,,-6,,,,,
ai 176 speaker,,609,,,9,66.6667,15,,1,0,1,0,1,,-2,,,,,
bl 5c battery,,610,,,1.5,100,3,,1,0,1,0,1,,-32,,,,,
spj 130c deep fridge,,611,,,190,21.0526,230,,1,0,1,0,1,,-3,,,,,
1018 masters iron,,612,,,13.5,85.1852,25,,1,0,1,0,1,,-4,,,,,
0king 2160,,613,,,6,66.6667,10,,1,0,1,0,1,,-11,,,,,
c type cheap cable,,614,,,0,0,2,,1,0,1,0,1,,-38,,,,,
huawei t100,,615,,,20,75,35,,1,0,1,0,1,,-12,,,,,
nokia 105,,616,,,10,50,15,,1,0,1,0,1,,-18,,,,,
baking tray,,617,,,2,50,3,,1,0,1,0,1,,-2,,,,,
itel 2163,,618,,,7.4,35.1351,10,,1,0,1,0,1,,-138,,,,,
20w solar panel,,619,,,6,50,9,,1,0,1,0,1,,-15,,,,,
tv stand wood,,620,,,70,21.4286,85,,1,0,1,0,1,,-21,,,,,
wood tv stand,,621,,,0,0,65,,1,0,1,0,1,,-8,,,,,
spj 210c fridge,,622,,,240,25,300,,1,1,1,0,1,,-4,,,,,
50w solar panel,,623,,,13,30.7692,17,,1,0,1,0,1,,-41,,,,,
helty chainsaw,,624,,,85,0,85,,1,0,1,0,1,,-3,,,,,
tecno pop 10 pro 128gb,,625,,,85,17.6471,100,,1,0,1,0,1,,-3,,,,,
everson grass cutter,,626,,,75,20,90,,1,0,1,0,1,,-6,,,,,
ocw u65s+l53 charger,,627,,,2.6,92.3077,5,,1,0,1,0,1,,-18,,,,,
fan,,628,,,13,92.3077,25,,1,0,1,0,1,,-15,,,,,
lithium battery,,629,,,2,0,2,,1,0,1,0,1,,-17,,,,,
350w solar panel,,630,,,46,41.3043,65,,1,1,1,0,1,,-54,,,,,
sharp scientific calculator,,631,,,4.5,122.2222,10,,1,0,1,0,1,,-7,,,,,
 100w solar panel,,632,,,21,42.8571,30,,1,0,1,0,1,,-53,,,,,
movable wallmount mdl 117b 2,,633,,,8,150,20,,1,0,1,0,1,,-2,,,,,
tv stand nice,,634,,,110,27.2727,140,,1,1,1,0,1,,-17,,,,,
vision 5 in 1 8009,,635,,,60,25,75,,1,0,1,0,1,,-16,,,,,
defy microwave 30l,,636,,,105,25,131.25,,1,1,1,0,1,,-7,,,,,
12v 100ah xtl lithium battery,,637,,,140,57.1429,220,,1,1,1,0,1,,-43,,,,,
150w solar panel,,638,,,28,60.7143,45,,1,0,1,0,1,,-25,,,,,
hair clipper classic 5 ihc 38,,639,,,14,42.8571,20,,1,0,1,0,1,,-5,,,,,
samsung galaxy a06 64gb,,640,,,95,14.9425,109.2,,1,1,1,0,1,,-27,,,,,
ceedye 24v dc pump,,641,,,58,29.3103,75,,1,1,1,0,1,,-9,,,,,
"16"" bicycle",,642,,,37,48.6486,55,,1,0,1,0,1,,-31,,,,,
sanli 24pcs spoon set,,643,,,9,66.6667,15,,1,0,1,0,1,,-5,,,,,
raf r7323 electric kettle,,644,,,8.2,82.9268,15,,1,0,1,0,1,,-14,,,,,
em 1901 iron,,645,,,13.5,48.1481,20,,1,0,1,0,1,,-3,,,,,
type c to lightning cable 114cl,,646,,,1.2,316.6667,5,,1,0,1,0,1,,-16,,,,,
250w solar panel,,647,,,42,30.9524,55,,1,0,1,0,1,,-44,,,,,
dyllu grass cutter,,648,,,90,11.1111,100,,1,1,1,0,1,,-4,,,,,
raf iron 1116b,,649,,,0,0,20,,1,0,1,0,1,,-2,,,,,
sunlight 40ah battery,,650,,,28,60.7143,45,,1,0,1,0,1,,-13,,,,,
oraimo 40000mah power bank t400q,,651,,,25,60,40,,1,0,1,0,1,,-6,,,,,
45w pd samsung adapter,,652,,,3.5,100,7,,1,0,1,0,1,,-39,,,,,
raf rice cooker r 178,,653,,,24,45.8333,35,,1,0,1,0,1,,-2,,,,,
xtl battery 100ah,,654,,,150,0,150,,1,0,1,0,1,,-1,,,,,
200w solar panel,,655,,,36,38.8889,50,,1,0,1,0,1,,-12,,,,,
climatix dc fridge 210c,,656,,,295,5.0847,310,,1,0,1,0,1,,-4,,,,,
huawei mate 7,,657,,,23,52.1739,35,,1,0,1,0,1,,-10,,,,,
 table ordinary,,658,,,35,42.8571,50,,1,0,1,0,1,,-21,,,,,
2 pcs table,,659,,,40,37.5,55,,1,0,1,0,1,,-3,,,,,
sokany blender sk 03035,,660,,,21,42.8571,30,,1,1,1,0,1,,-10,,,,,
itel c11 cable,,661,,,1.8,66.6667,3,,1,0,1,0,1,,-34,,,,,
sokany blender 03074,,sk03074,25,,17.5,42.8571,25,,1,0,1,0,1,,-3,,,,,
SOKANY BLENDER SK 03048,,662,,,17.5,42.8571,25,,1,0,1,0,1,,-5,,,,,
ORAIMO 10000MAH POWER BANK 5101,,663,,,11,36.3636,15,,1,0,1,0,1,,-16,,,,,
50M GARDEN PIPE,,664,,,23,117.3913,50,,1,0,1,0,1,,-9,,,,,
VIVO Y51,,665,,,12,66.6667,20,,1,1,1,0,1,,-3,,,,,
HUAWEI Y9 2019,,666,,,45,33.3333,60,,1,0,1,0,1,,-5,,,,,
640W SOLAR PANEL,,667,,,85,17.6471,100,,1,0,1,0,1,,-30,,,,,
DOUBLE ELECTRIC CHIP FRYER,,668,,,53,13.2075,60,,1,1,1,0,1,,-2,,,,,
huawei y6 battery,,669,,,2.5,100,5,,1,0,1,0,1,,-4,,,,,
25w pd adapter,,670,,,2.5,100,5,,1,0,1,0,1,,-75,,,,,
oraimo ocd 114m classic cable,,671,,,1.5,100,3,,1,1,1,0,1,,-46,,,,,
oraimo otw 323 earpods,,672,,,11,81.8182,20,,1,0,1,0,1,,-7,,,,,
oraimo otw 323p earpods,,673,,,14,78.5714,25,,1,0,1,0,1,,-1,,,,,
itel a70 256gb,,674,,,78,28.2051,100,,1,0,1,0,1,,-2,,,,,
REDMI K36 PRO,,675,,,25,40,35,,1,1,1,0,1,,-7,,,,,
4 Square rotating layer,,676,9018,,40,0,40,,1,0,1,0,1,,-1,,,,,
macce 26'' biycle,,677,,,69,30.4348,90,,1,1,1,0,1,,-5,,,,,
macce 26'' black horse,,678,,,92,25,115,,1,1,1,0,1,,-21,,,,,
huawei g8,,679,,,23,52.1739,35,,1,0,1,0,1,,-10,,,,,
2gb memory card,,680,,,1.8,66.6667,3,,1,0,1,0,1,,-14,,,,,
vision 4 plate combined,,681,,,125,20,150,,1,1,1,0,1,,-18,,,,,
40ah usb battery,,682,,,35,42.8571,50,,1,0,1,0,1,,-5,,,,,
c type 60w cable,,683,,,1.2,150,3,,1,0,1,0,1,,-8,,,,,
500w solar panel,,684,,,70,21.4286,85,,1,0,1,0,1,,-17,,,,,
"forever 26"" bicycle",,685,,,65,30.7692,85,,1,0,1,0,1,,-12,,,,,
dinner plates,,686,,,1,100,2,,1,0,1,0,1,,-72,,,,,
smart watch ace 40,,687,,,8,87.5,15,,1,0,1,0,1,,-1,,,,,
24v 100ah lithium battery,,688,,,300,30.7692,392.31,,1,1,1,0,1,,-9,,,,,
h mobile 5606,,689,,,7.1,69.0141,12,,1,0,1,0,1,,-7,,,,,
;3z S0-6ca-03A30sv6g19Q_wttttttttttw,,690,,,0,0,0,,1,0,1,0,1,,0,,,,,
oraimo type c charger ocw 1112uc,,691,,,2.5,100,5,,1,1,1,0,1,,-68,,,,,
TV STAND - tv 2,,692,,,30,50,45,,1,0,1,0,1,,-10,,,,,
CIDEA TABLET ,,693,,,50,30,65,,1,0,1,0,1,,-4,,,,,
tv stand wood,,694,,,50,30,65,,1,1,1,0,1,,-20,,,,,
digirich 4gb flash,,695,,,2,100,4,,1,0,1,0,1,,-17,,,,,
climatix  AC Deep fridge 210c,,696,,,245,6.383,260.64,,1,1,1,0,1,,-11,,,,,
KESON 3 IN 1N KS 323,,697,,,38,31.5789,50,,1,0,1,0,1,,-8,,,,,
"JEV 55"" TV",,698,,,180,22.2222,220,,1,0,1,0,1,,-2,,,,,
SAMSUNG GALAXY M06 128GB,,699,,,120,11.1111,133.33,,1,1,1,0,1,,-2,,,,,
cup,,700,,,1,100,2,,1,0,1,0,1,,-14,,,,,
modulator 3 in 1,,701,,,4,75,7,,1,0,1,0,1,,-5,,,,,
601 sanple speaker,,702,,,0,0,40,,1,0,1,0,1,,-1,,,,,
csb gell battery 100ah,,703,,,90,11.1111,100,,1,1,1,0,1,,-12,,,,,
vision 1201 speaker,,704,,,130,15.3846,150,,1,0,1,0,1,,-11,,,,,
330w solar panel,,705,,,46,30.4348,60,,1,1,1,0,1,,-10,,,,,
10 amps controller,,706,,,2.5,100,5,,1,0,1,0,1,,-4,,,,,
kgtel k no 1,,707,,,7.2,66.6667,12,,1,0,1,0,1,,-1,,,,,
table granite,,708,,,70,21.4286,85,,1,0,1,0,1,,-10,,,,,
300w solar panel,,709,,,44,36.3636,60,,1,0,1,0,1,,-8,,,,,
10a solar controller,,710,,,2.5,100,5,,1,0,1,0,1,,-41,,,,,
oraimo earphones oep 320,,711,,,1.9,57.8947,3,,1,0,1,0,1,,-31,,,,,
b h n cookware set,,712,,,72,25,90,,1,0,1,0,1,,-1,,,,,
cast iron pots,,713,,,0,0,75,,1,0,1,0,1,,-3,,,,,
raf blender r 2824,,714,,,15,66.6667,25,,1,1,1,0,1,,-6,,,,,
keson ks 427 bt speaker,,715,,,0,0,45,,1,0,1,0,1,,-1,,,,,
SAMSUNG GALAXY A17 256GB,,716,,,205,11.1111,227.78,,1,1,1,0,1,,-2,,,,,
ORAIMO 30000MAH POWER BANK,,717,,,20,75,35,,1,0,1,0,1,,-6,,,,,
KGTEL KL110,,718,,,7.2,66.6667,12,,1,1,1,0,1,,-32,,,,,
650 ml water bottle,,719,,,3.5,128.5714,8,,1,0,1,0,1,,-2,,,,,
open view decorder,,720,,,47,38.2979,65,,1,0,1,0,1,,-11,,,,,
comblite chainsaw,,721,,,65,38.4615,90,,1,0,1,0,1,,-2,,,,,
12l cooler box,,722,,,13,53.8462,20,,1,0,1,0,1,,-2,,,,,
hot chef stone pots,,723,,,23,30.4348,30,,1,1,1,0,1,,-4,,,,,
tea pot,,724,,,2,150,5,,1,0,1,0,1,,-6,,,,,
climatrix ac deep fridge 130c,,725,,,185,8.1081,200,,1,1,1,0,1,,-14,,,,,
electro masters em si 1023,,726,,,12.5,100,25,,1,0,1,0,1,,-1,,,,,
keep warm food container 3.4l,,727,,,10.5,90.4762,20,,1,0,1,0,1,,-1,,,,,
small basket silicon,,728,,,4.5,122.2222,10,,1,0,1,0,1,,0,,,,,
sokany airfryer sk zg 8045,,729,,,42,42.8571,60,,1,0,1,0,1,,-1,,,,,
gas rubber,,730,,,0.1,400,0.5,,1,0,1,0,1,,0,,,,,
gas refill,,731,,,2.9,72.4138,5,,1,0,1,0,1,,-3,,,,,
dsg chair,,732,,,21,42.8571,30,,1,0,1,0,1,,-2,,,,,
surge adapter,,733,,,7,114.2857,15,,1,0,1,0,1,,-1,,,,,
"yingee 26"" with bottle drink",,734,,,72,31.9444,95,,1,0,1,0,1,,-14,,,,,
"nacce 26"" with bottle drink",,735,,,78,21.7949,95,,1,0,1,0,1,,0,,,,,
40w solar panel,,736,,,11,36.3636,15,,1,0,1,0,1,,-4,,,,,
60w solar panel,,737,,,15,33.3333,20,,1,0,1,0,1,,-13,,,,,
70w solar panel,,738,,,17,35.2941,23,,1,0,1,0,1,,0,,,,,
80w solar panel,,739,,,20,25,25,,1,0,1,0,1,,-12,,,,,
400w solar panel,,740,,,48,35.4167,65,,1,1,1,0,1,,-17,,,,,
480w solar panel,,741,,,57,22.807,70,,1,0,1,0,1,,0,,,,,
580w solar panel,,742,,,80,18.75,95,,1,1,1,0,1,,-7,,,,,
4pcs food warmer,,743,,,24,45.8333,35,,1,0,1,0,1,,-3,,,,,
3pcs food warmer,,744,,,13.5,85.1852,25,,1,0,1,0,1,,-1,,,,,
keson ks 289,,745,,,5.2,92.3077,10,,1,0,1,0,1,,-1,,,,,
sv2 sz l8 mini sun,,746,,,5.3,88.6792,10,,1,1,1,0,1,,-1,,,,,
samsung galaxy m16 128+6,,747,,,150,10.3448,165.52,,1,1,1,0,1,,-3,,,,,
itel p65 128gb,,748,,,85,17.6471,100,,1,1,1,0,1,,-2,,,,,
itel p70 256gb,,749,,,115,22.2222,140.56,,1,1,1,0,1,,-2,,,,,
itelk s26 ultra 256gb ,,750,,,170,11.7647,190,,1,0,1,0,1,,-6,,,,,
tecno pop 20 128gb ,,751,,,115,14.2857,131.43,,1,1,1,0,1,,-4,,,,,
zte a55 128gb,,752,,,75,20,90,,1,0,1,0,1,,-1,,,,,
villaon v50s 32gb,,753,,,55,27.2727,70,,1,1,1,0,1,,-13,,,,,
tecno t101,,754,,,6,66.6667,10,,1,0,1,0,1,,0,,,,,
tecno earbuds bd04 anc pure bass,,755,,,8,87.5,15,,1,0,1,0,1,,0,,,,,
oraimo space buds z otw 625,,756,,,11,100,22,,1,0,1,0,1,,0,,,,,
usb and c head,,757,,,3,66.6667,5,,1,0,1,0,1,,-1,,,,,
climatix 130c dc fridge,,758,,,245,6.1224,260,,1,0,1,0,1,,-14,,,,,
kango 3pcs pots,,759,,,23,52.1739,35,,1,0,1,0,1,,-11,,,,,
vacuum cleaner,,760,,,51.8,25.4826,65,,1,0,1,0,1,,-2,,,,,
DN HL 15 pcs pot set,,761,,,68,32.3529,90,,1,0,1,0,1,,0,,,,,
wk 3pcs pots in grey,,762,,,35.5,40.8451,50,,1,0,1,0,1,,-1,,,,,
kv 6667 6pcs pots,,763,,,48,25,60,,1,1,1,0,1,,-5,,,,,
2403 toaster raf,,764,,,7.2,108.3333,15,,1,0,1,0,1,,0,,,,,
A 15 knife set ,,765,,,11,81.8182,20,,1,0,1,0,1,,-6,,,,,
teaport 9871,,766,,,7.2,108.3333,15,,1,0,1,0,1,,0,,,,,
21l vacuum cleaner 8715,,767,,,43,39.5349,60,,1,0,1,0,1,,-1,,,,,
c23 6 double row shoe rack,,768,,,31,45.1613,45,,1,0,1,0,1,,-1,,,,,
3pcs lunch boxc,,769,,,2.88,108.3333,6,,1,1,1,0,1,,-1,,,,,
r265 toaster raf,,770,,,10.3,94.1748,20,,1,0,1,0,1,,0,,,,,
xx127 white sands vase,,771,,,5.95,101.6807,12,,1,1,1,0,1,,0,,,,,
ada 5093 vase ,,772,,,8.4,78.5714,15,,1,0,1,0,1,,-1,,,,,
r 1003 scale,,773,,,4.3,86.0465,8,,1,1,1,0,1,,-1,,,,,
410 bowl soup pots,,774,,,5.5,81.8182,10,,1,0,1,0,1,,0,,,,,
kungfu bear ornament,,775,,,4.7,112.766,10,,1,0,1,0,1,,0,,,,,
rechargable fan,,776,,,3,133.3333,7,,1,1,1,0,1,,-3,,,,,
goblet wine glass,,777,,,8,87.5,15,,1,0,1,0,1,,-2,,,,,
ring,,778,,,1,200,3,,1,0,1,0,1,,-7,,,,,
oraimo earphones halo 2s oep e21p,,779,,,1.8,177.7778,5,,1,0,1,0,1,,-9,,,,,
mirror,,780,,,9,66.6667,15,,1,0,1,0,1,,-3,,,,,
rising metal fan,,781,,,15,100,30,,1,0,1,0,1,,-3,,,,,
fast sport car 619,,782,,,110,18.1818,130,,1,0,1,0,1,,-4,,,,,
r7412 electric jug,,783,,,9,66.6667,15,,1,0,1,0,1,,-4,,,,,
micro usb ocw u37sp m53 charger,,784,,,2,150,5,,1,0,1,0,1,,-6,,,,,
kv 6681 12pcs cookware set,,785,,,43,39.5349,60,,1,0,1,0,1,,-2,,,,,
sokany electric frying pan sk 2005,,786,,,18,66.6667,30,,1,0,1,0,1,,-2,,,,,
sokany toaster oven 15l sk 415,,787,,,24,45.8333,35,,1,0,1,0,1,,0,,,,,
sokany garment steamer aj 2205,,788,,,14.5,72.4138,25,,1,1,1,0,1,,-5,,,,,
kgtel 5606,,789,,,7.2,66.6667,12,,1,0,1,0,1,,-24,,,,,
folding table,,790,,,45,33.3333,60,,1,0,1,0,1,,-2,,,,,
sokany steam iron 2093,,791,,,11.5,73.913,20,,1,0,1,0,1,,-5,,,,,
sokany steam iron sk 6028,,792,,,12.6,98.4127,25,,1,0,1,0,1,,-5,,,,,
sokany steam iron sk yd 2096,,793,,,12,108.3333,25,,1,0,1,0,1,,-3,,,,,
sokany 4.8l air fryer sk 10014,,794,,,37,35.1351,50,,1,0,1,0,1,,0,,,,,
sokany slice toaster hjt 022,,795,,,9,66.6667,15,,1,0,1,0,1,,-2,,,,,
sokany digital rice cooker sk 07051,,796,,,24.5,42.8571,35,,1,0,1,0,1,,-2,,,,,
sokany 3 in 1 breakfast maker sk 145,,797,,,31,45.1613,45,,1,0,1,0,1,,-1,,,,,
sokany electric rice cooker 1.8l sk 07058,,798,,,17.5,71.4286,30,,1,0,1,0,1,,-1,,,,,
sokany professional blower al 6130,,799,,,3.4,105.8824,7,,1,0,1,0,1,,-4,,,,,
deli glass 6pcs water glass,,800,,,6,100,12,,1,0,1,0,1,,-4,,,,,
living glass 6pcs ,,801,,,5,100,10,,1,0,1,0,1,,-6,,,,,
sokany home culture steam iron aj 2053 22,,802,,,16.5,51.5152,25,,1,0,1,0,1,,-5,,,,,
glass wave high quality water glass,,803,,,4.25,88.2353,8,,1,0,1,0,1,,0,,,,,
sokany elecric kettle sk 09019,,804,,,10,50,15,,1,0,1,0,1,,-19,,,,,
1.5kv hybrid inveter,,805,,,105,23.8095,130,,1,0,1,0,1,,-10,,,,,
kms 288 bt speaker,,806,,,7,42.8571,10,,1,0,1,0,1,,-4,,,,,
tv 49,,807,,,45,33.3333,60,,1,0,1,0,1,,-8,,,,,
JBL QZ 13 earpods,,808,,,4,150,10,,1,0,1,0,1,,-23,,,,,
fruit rack ,,809,,,9,66.6667,15,,1,0,1,0,1,,-2,,,,,
granite coating 8pcs cookware set,,810,,,22,59.0909,35,,1,0,1,0,1,,-3,,,,,
kgtel kl120,,811,,,7.2,66.6667,12,,1,0,1,0,1,,-24,,,,,
kango box,,812,,,68,19.0476,80.95,,1,1,1,0,1,,-35,,,,,
kgtel kl140,,813,,,7.2,66.6667,12,,1,0,1,0,1,,-7,,,,,
table,,814,,,60,25,75,,1,1,1,0,1,,-8,,,,,
"keson 26"" tv ",,815,,,38,44.7368,55,,1,0,1,0,1,,-18,,,,,
oraimo ocd 114c2,,816,,,0.8,275,3,,1,1,1,0,1,,-27,,,,,
10w oraimo charger ocw 1112em,,817,,,2.2,127.2727,5,,1,0,1,0,1,,-13,,,,,
kimiso kms 238 speaker,,818,,,14,42.8571,20,,1,1,1,0,1,,-3,,,,,
steamer ,,819,,,22,59.0909,35,,1,0,1,0,1,,-3,,,,,
bread box,,820,,,17,47.0588,25,,1,0,1,0,1,,-10,,,,,
tv stand,,821,,,60,25,75,,1,0,1,0,1,,-6,,,,,
dc iron 921,,822,,,7,42.8571,10,,1,0,1,0,1,,-7,,,,,
helty grass cutter,,823,,,70,28.5714,90,,1,0,1,0,1,,-10,,,,,
small table,,824,,,12,66.6667,20,,1,0,1,0,1,,-1,,,,,
oraimo lightning charger ocw 112el,,825,,,2,150,5,,1,0,1,0,1,,-3,,,,,
ceedye 2 plate stove with oven,,826,,,38,31.5789,50,,1,0,1,0,1,,-10,,,,,
nns ns2033 bt speaker,,827,,,8,50,12,,1,1,1,0,1,,-4,,,,,
ecco dc upright fridge,,828,,,290,17.2414,340,,1,0,1,0,1,,-2,,,,,
bh 803 motor,,829,,,115,21.7391,140,,1,0,1,0,1,,-4,,,,,
2.2 kv hzsolar inverter,,830,,,130,23.0769,160,,1,0,1,0,1,,-3,,,,,
kimisdo 294 bt speaker,,831,,,7,42.8571,10,,1,0,1,0,1,,-9,,,,,
kids motor,,832,,,30,0,30,,1,1,1,0,1,,-1,,,,,
recrsi portable speaker,,833,,,12,50,18,,1,0,1,0,1,,-1,,,,,
ecco ac 3door fridge,,834,,,235,21.2766,285,,1,0,1,0,1,,-1,,,,,
"macce 26"" bicyle",,835,,,62,29.0323,80,,1,0,1,0,1,,-2,,,,,
2pcs table,,836,,,65,23.0769,80,,1,1,1,0,1,,-3,,,,,
samsung galaxy f16 128gb,,837,,,150,13.3333,170,,1,1,1,0,1,,-5,,,,,
itel 20000mah power bank,,838,,,14,78.5714,25,,1,0,1,0,1,,-6,,,,,
ceedye led bulb dc,,839,,,1,200,3,,1,1,1,0,1,,-52,,,,,
ceedee ce802 80w head light,,840,,,9,66.6667,15,,1,0,1,0,1,,-7,,,,,
icd m11 itel cable,,841,,,0.8,275,3,,1,0,1,0,1,,-13,,,,,
m33 modulator,,842,,,2.5,100,5,,1,0,1,0,1,,-12,,,,,
icd c60s itel cable,,843,,,1,200,3,,1,0,1,0,1,,-5,,,,,
ORAIMO MODULATOR OCC 32D,,844,,,9,66.6667,15,,1,0,1,0,1,,-3,,,,,
c22n itel c type cable,,845,,,0.9,233.3333,3,,1,0,1,0,1,,-6,,,,,
1128 raf iron,,846,,,13,53.8462,20,,1,0,1,0,1,,-1,,,,,
10pcs cookware set,,847,,,21,42.8571,30,,1,0,1,0,1,,-1,,,,,
kbroad ktf 1646,,848,,,7,42.8571,10,,1,1,1,0,1,,-6,,,,,
raylight chainsaw 5800a,,849,,,65,38.4615,90,,1,0,1,0,1,,-6,,,,,
itel a100c 128gb,,850,,,83,21.7949,101.09,,1,1,1,0,1,,-15,,,,,
dyllu angle grinder,,851,,,15,66.6667,25,,1,0,1,0,1,,-1,,,,,
oraimo cable 152cl,,852,,,1.5,100,3,,1,1,1,0,1,,-7,,,,,
bs 14 bt speaker,,853,,,7,42.8571,10,,1,0,1,0,1,,-2,,,,,
kgtel mini b310,,854,,,9,33.3333,12,,1,1,1,0,1,,-5,,,,,
itel a24 pro 32gb,,855,,,45,33.3333,60,,1,0,1,0,1,,-13,,,,,
kgtel 5625m,,856,,,7.2,66.6667,12,,1,0,1,0,1,,-21,,,,,
25BI BATTERY,,857,,,3,66.6667,5,,1,0,1,0,1,,-11,,,,,
KGTEL MINI A350,,858,,,11,36.3636,15,,1,0,1,0,1,,-9,,,,,
TECNO POP 10 128GB,,859,,,87,14.9425,100,,1,0,1,0,1,,-2,,,,,
tv stand,,860,,,45,33.3333,60,,1,0,1,0,1,,-9,,,,,
tv guard,,861,,,4,75,7,,1,0,1,0,1,,-5,,,,,
dvd,,862,,,19,57.8947,30,,1,0,1,0,1,,-1,,,,,
boomboxx3 m45,,863,,,30,50,45,,1,0,1,0,1,,-1,,,,,
fruit rack,,864,,,37,21.6216,45,,1,0,1,0,1,,-2,,,,,
dinner plate,,865,,,0.75,100,1.5,,1,0,1,0,1,,-21,,,,,
iss 13 hair clipper,,866,,,7,114.2857,15,,1,0,1,0,1,,-3,,,,,
villaon v50s 64gb,,867,,,61,25,76.25,,1,1,1,0,1,,-14,,,,,
colone rx 166led,,868,,,9,66.6667,15,,1,0,1,0,1,,-1,,,,,
HUAWEI MATE 9,,869,,,28,42.8571,40,,1,0,1,0,1,,-4,,,,,
WALKER,,870,,,37,35.1351,50,,1,0,1,0,1,,-5,,,,,
aux cable,,871,,,0.2,400,1,,1,0,1,0,1,,-10,,,,,
kids tablet,,872,,,45,22.2222,55,,1,0,1,0,1,,-1,,,,,
itel a90 64gb,,873,,,68,25,85,,1,1,1,0,1,,-14,,,,,
samsung galaxy m17 128gb,,874,,,145,10.3448,160,,1,1,1,0,1,,-3,,,,,
wall potrait,,875,,,12,66.6667,20,,1,1,1,0,1,,-4,,,,,
oppo r9 plus ,,876,,,27,48.1481,40,,1,0,1,0,1,,-3,,,,,
630w solar panel,,877,,,85,17.6471,100,,1,0,1,0,1,,-10,,,,,
master dc 209l fridge,,878,,,295,25.4237,370,,1,0,1,0,1,,-4,,,,,
oppo a77s,,879,,,25,40,35,,1,1,1,0,1,,-5,,,,,
nns ns919sl radio,,880,,,9,66.6667,15,,1,0,1,0,1,,-1,,,,,
push baby walker,,881,,,17,47.0588,25,,1,0,1,0,1,,-7,,,,,
USB HEAD,,882,,,1,200,3,,1,0,1,0,1,,-33,,,,,
AI 02S SPEAKER,,883,,,12,108.3333,25,,1,0,1,0,1,,-10,,,,,
GX6 HEADPHONES,,884,,,12,66.6667,20,,1,0,1,0,1,,-1,,,,,
VISION 1206 BT SPEAKER 5 IN 1,,885,,,120,25,150,,1,0,1,0,1,,-5,,,,,
HOT WHEEL,,886,,,8,87.5,15,,1,0,1,0,1,,-1,,,,,
charge 6 rgb speaker,,887,,,8,87.5,15,,1,0,1,0,1,,-2,,,,,
h11 ultra 2 watch,,888,,,7,114.2857,15,,1,0,1,0,1,,-3,,,,,
itel box party speaker,,889,,,62,20.9677,75,,1,0,1,0,1,,-2,,,,,
450W SOLAR PANEL,,890,,,56,33.9286,75,,1,1,1,0,1,,-7,,,,,
ORAIMO LIGHTNING CABLE 114L,,891,,,0.8,275,3,,1,1,1,0,1,,-9,,,,,
SUNLIGHTS COMBINED,,892,,,155,21.9355,189,,1,0,1,0,1,,-3,,,,,
HUAWEI NOVA 3I,,893,,,35,28.5714,45,,1,1,1,0,1,,-3,,,,,
VASE,,894,,,4.7,112.766,10,,1,0,1,0,1,,-1,,,,,
ITEL CITY 200,,895,,,113,15.0442,130,,1,1,1,0,1,,-9,,,,,
NOVA 3I ,,896,,,35,28.5714,45,,1,1,1,0,1,,0,,,,,
huawei psmart 2019,,897,,,35,28.5714,45,,1,1,1,0,1,,-4,,,,,
tecno pop 20 64gb,,898,,,85,41.1765,120,,1,1,1,0,1,,-5,,,,,
ocw 5184ul lightning charger,,899,,,3,133.3333,7,,1,0,1,0,1,,-3,,,,,
huawei y9 prime 2019,,900,,,65,15.3846,75,,1,1,1,0,1,,-1,,,,,
adapter,,901,,,2,150,5,,1,0,1,0,1,,-34,,,,,
REDMI 5 PLUS MAX,,902,,,33,36.3636,45,,1,1,1,0,1,,-2,,,,,
CEDIEEYE HAIR CLIPPER,,903,,,7,42.8571,10,,1,0,1,0,1,,-1,,,,,
ESSENTIAL 6PCS MORDEN KITCHEN,,904,,,13,53.8462,20,,1,1,1,0,1,,-1,,,,,
kgtel a16 plus 64gb,,905,,,52,44.2308,75,,1,0,1,0,1,,-5,,,,,
ndl wp20 water pump,,906,,,78,21.7949,95,,1,1,1,0,1,,-5,,,,,
vision vs 1022v speaker,,907,,,120,25,150,,1,0,1,0,1,,-1,,,,,
huawei honor v10,,908,,,32,56.25,50,,1,1,1,0,1,,-1,,,,,
vivo y98s,,909,,,25,40,35,,1,1,1,0,1,,-6,,,,,
7983 ELECTRIC JUG,,910,,,6.9,73.913,12,,1,1,1,0,1,,-6,,,,,
tv stand ,,911,,,65,23.0769,80,,1,1,1,0,1,,-6,,,,,
sokany blender 03031,,912,,,17,47.0588,25,,1,1,1,0,1,,-5,,,,,
a11 pro earpods,,913,,,4,200,12,,1,0,1,0,1,,-7,,,,,
raf stand mixer 6637,,914,,,12,66.6667,20,,1,0,1,0,1,,-2,,,,,
bowl,,915,,,0.6,66.6667,1,,1,1,1,0,1,,-1,,,,,
camping chair,,916,,,28,60.7143,45,,1,1,1,0,1,,-8,,,,,
S MOTOR,,917,,,135,22.2222,165,,1,1,1,0,1,,-3,,,,,
KESON 4 PLATE GAS STOVE,,918,,,92,41.3043,130,,1,1,1,0,1,,-12,,,,,
vision speaker 122a,,919,,,60,25,75,,1,1,1,0,1,,-6,,,,,
oppo a37 ,,920,,,20,50,30,,1,0,1,0,1,,-4,,,,,
camping tent,,921,,,52,34.6154,70,,1,0,1,0,1,,-5,,,,,
nns 7021s radio,,922,,,8,87.5,15,,1,0,1,0,1,,-1,,,,,
kaisa villa kv 1050,,923,,,30,50,45,,1,1,1,0,1,,-3,,,,,
car x8 modulator,,924,,,2,150,5,,1,0,1,0,1,,-3,,,,,
itel buds neo 3,,925,,,12,66.6667,20,,1,1,1,0,1,,-2,,,,,
4 in1 fast cable,,926,,,1.2,233.3333,4,,1,1,1,0,1,,-9,,,,,
a903 car charger,,927,,,1,200,3,,1,1,1,0,1,,-3,,,,,
top c4  earphones and cable,,928,,,2,150,5,,1,1,1,0,1,,-3,,,,,
Keson dc deep freezer,,929,,,245,22.449,300,,1,1,1,0,1,,-9,,,,,
"crolan 26"" bicycle",,930,,,69,30.4348,90,,1,1,1,0,1,,-5,,,,,
em si 1012 iron,,931,,,5.7,75.4386,10,,1,1,1,0,1,,-10,,,,,
king 4 plate elecric stove,,932,,,190,31.5789,250,,1,1,1,0,1,,-2,,,,,
granite table,,933,,,36,52.7778,55,,1,1,1,0,1,,-7,,,,,
buku be 002 earphones,,934,,,3,233.3333,10,,1,0,1,0,1,,-1,,,,,
em si 1901 iron,,935,,,10.5,71.4286,18,,1,1,1,0,1,,-3,,,,,
criper fresh 5pcs lunch box,,936,,,3.3,81.8182,6,,1,1,1,0,1,,-2,,,,,
raf r7320 jug,,937,,,13,53.8462,20,,1,1,1,0,1,,-4,,,,,
air tab,,938,,,75,20,90,,1,1,1,0,1,,-2,,,,,
elecro master microwave,,939,,,82,34.1463,110,,1,1,1,0,1,,-3,,,,,
em si 1903 iron,,940,,,11.5,73.913,20,,1,0,1,0,1,,-2,,,,,
1075 master blender,,941,,,19.5,53.8462,30,,1,0,1,0,1,,-3,,,,,
alluminium pressure cooker,,942,,,17,47.0588,25,,1,0,1,0,1,,-1,,,,,
keson ks 292 speaker,,943,,,6,66.6667,10,,1,0,1,0,1,,-12,,,,,
"jrj 26"" bicycle",,944,,,73,23.2877,90,,1,1,1,0,1,,-2,,,,,
sq 1000l,,945,,,25,40,35,,1,1,1,0,1,,-3,,,,,
keson ks 321 subwoofer,,946,,,36,38.8889,50,,1,0,1,0,1,,-7,,,,,
3pcs food warmer,,947,,,25,40,35,,1,1,1,0,1,,-5,,,,,
c24s cable itel,,948,,,0.8,275,3,,1,0,1,0,1,,-11,,,,,
vision soundbar vs 665,,949,,,57,40.3509,80,,1,1,1,0,1,,-4,,,,,
lint remover 450,,950,,,3,133.3333,7,,1,0,1,0,1,,-1,,,,,
AIR PODS PRO,,951,,,6,100,12,,1,1,1,0,1,,-1,,,,,
SIVIA SI 37 ,,952,,,3,166.6667,8,,1,0,1,0,1,,-2,,,,,
TECNO 20000MAH POWER BANK,,953,,,12,66.6667,20,,1,1,1,0,1,,-4,,,,,
GAS HEATER,,954,,,18,38.8889,25,,1,1,1,0,1,,-4,,,,,
mobile router m9s,,955,,,12,66.6667,20,,1,1,1,0,1,,-3,,,,,
7955 raf electric kettle,,956,,,9,66.6667,15,,1,0,1,0,1,,-9,,,,,
1016 em si iron,,957,,,7,71.4286,12,,1,1,1,0,1,,-8,,,,,
tecno active 3 watch,,958,,,14,78.5714,25,,1,1,1,0,1,,-1,,,,,
SPJ BAR FRIDGE ,,959,,,150,13.3333,170,,1,1,1,0,1,,-5,,,,,
SOKANY AIRFRYER 10050,,960,,,50,30,65,,1,1,1,0,1,,-1,,,,,
USB TO USB CABLE,,961,,,1,100,2,,1,1,1,0,1,,-2,,,,,
NS 9962 BTS RADIO,,962,,,9,66.6667,15,,1,0,1,0,1,,-3,,,,,
5609 KGTEL,,963,,,7.2,66.6667,12,,1,0,1,0,1,,-6,,,,,
keson 109q dc fridge,,964,,,205,36.5854,280,,1,1,1,0,1,,-14,,,,,
MEIZU NOTE 5,,965,,,22,36.3636,30,,1,1,1,0,1,,-1,,,,,
80W SAMSUNG CHARGER,,966,,,5,200,15,,1,1,1,0,1,,-2,,,,,
keson 4 plate cast iron,,967,,,109,26.0504,137.39,,1,1,1,0,1,,-9,,,,,
football,,968,,,5,60,8,,1,1,1,0,1,,-1,,,,,
5189 motorbike,,969,,,108,29.6296,140,,1,1,1,0,1,,-1,,,,,
vivo y93,,970,,,30,50,45,,1,1,1,0,1,,-1,,,,,
HOTCHEF 10PCS POTS,,971,,,26,53.8462,40,,1,1,1,0,1,,-2,,,,,
OPPO A57,,972,,,25,40,35,,1,1,1,0,1,,-2,,,,,
KGTEL 5626,,973,,,7.2,66.6667,12,,1,1,1,0,1,,-21,,,,,
BREAD BOX,,974,,,21.5,39.5349,30,,1,1,1,0,1,,-5,,,,,
KESON POWER STATION,,975,,,45,33.3333,60,,1,1,1,0,1,,-3,,,,,
HTCBT 150AH BATTERY,,976,,,78,66.6667,130,,1,1,1,0,1,,-8,,,,,
VIVO X73MAX,,977,,,25,40,35,,1,1,1,0,1,,-2,,,,,
bathroom tent,,978,,,11.5,73.913,20,,1,1,1,0,1,,-2,,,,,
icd m24s itel cable,,979,,,0.8,275,3,,1,1,1,0,1,,-2,,,,,
huawei l29,,980,,,30,43.3333,43,,1,1,1,0,1,,-2,,,,,
pooltable,,981,,,16,56.25,25,,1,1,1,0,1,,-3,,,,,
foolsball table,,982,,,19,84.2105,35,,1,1,1,0,1,,-1,,,,,
infrared raf stove,,983,,,12,66.6667,20,,1,1,1,0,1,,-1,,,,,
TABLE,,984,,,70,21.4286,85,,1,1,1,0,1,,-8,,,,,
HUAWEI 6A,,985,,,23,52.1739,35,,1,1,1,0,1,,-3,,,,,
stereo earpods,,986,,,2,150,5,,1,0,1,0,1,,-10,,,,,
12 bottle spice jar,,987,,,8,87.5,15,,1,0,1,0,1,,-1,,,,,
8pcs stock pot set,,988,,,20.6,69.9029,35,,1,0,1,0,1,,-10,,,,,
keson speaker 0808r,,989,,,90,38.8889,125,,1,1,1,0,1,,-1,,,,,
ENGINEERING SERIES TOY,,990,,,6,66.6667,10,,1,0,1,0,1,,-1,,,,,
vision soundbar 655,,991,,,57,57.8947,90,,1,1,1,0,1,,-3,,,,,
3527 HQ dry iron,,992,,,9.5,57.8947,15,,1,1,1,0,1,,-4,,,,,
gainstar 8pcs belly shape,,993,,,26,53.8462,40,,1,1,1,0,1,,-1,,,,,
raylight pressure washer,,994,,,105,23.8095,130,,1,1,1,0,1,,0,,,,,
itel charger icw 051em,,995,,,2,150,5,,1,1,1,0,1,,-6,,,,,
kaisa villa 6702,,996,,,40,37.5,55,,1,1,1,0,1,,-1,,,,,
eagle 602 amplifier,,997,,,65,23.0769,80,,1,1,1,0,1,,-1,,,,,
huawei y5p 2020,,998,,,26,34.6154,35,,1,1,1,0,1,,-1,,,,,
10w solar panel,,999,,,2,150,5,,1,0,1,0,1,,-1,,,,,
RAF AIR FRYER 5382,,1000,,,72,25,90,,1,1,1,0,1,,-1,,,,,
128gb flash,,1001,,,8,150,20,,1,1,1,0,1,,-1,,,,,
3PCS BAMBOO SET,,1002,,,1.4,114.2857,3,,1,1,1,0,1,,-6,,,,,
samsung galaxy a17 128gb +6,,1003,,,160,6.25,170,,1,1,1,0,1,,-1,,,,,
k10pro earphones,,1004,,,1,200,3,,1,1,1,0,1,,-5,,,,,
WRITE VIEW CALCULATOR,,1005,,,18,38.8889,25,,1,1,1,0,1,,-1,,,,,
GYOUM 15PCS COOKWARE SET,,1006,,,23,30.4348,30,,1,1,1,0,1,,-8,,,,,
4PCS STORAGE BOX LUNCH,,1007,,,8,87.5,15,,1,0,1,0,1,,-3,,,,,
airtab u07,,1008,,,45,33.3333,60,,1,1,1,0,1,,-1,,,,,
spice carousel 16 jar,,1009,,,11,63.6364,18,,1,0,1,0,1,,-1,,,,,
sokany airfryer 10125,,1010,,,34,47.0588,50,,1,0,1,0,1,,-1,,,,,
kids tab,,1011,,,45,33.3333,60,,1,1,1,0,1,,-2,,,,,
raf electric kettle 7116,,1012,,,6,66.6667,10,,1,0,1,0,1,,-5,,,,,
2pcs table wood,,1013,,,34,47.0588,50,,1,0,1,0,1,,-2,,,,,
ITEL A200PLUS,,1014,,,99,21.2121,120,,1,1,1,0,1,,-4,,,,,
2pcs granite table,,1015,,,47,38.2979,65,,1,1,1,0,1,,-1,,,,,
ceedee 50w light,,1016,,,3,233.3333,10,,1,1,1,0,1,,-8,,,,,
samsung galaxy f17 128gb,,1017,,,147,12.2449,165,,1,1,1,0,1,,-1,,,,,
beverage cup,,1018,,,3,100,6,,1,1,1,0,1,,-10,,,,,
GAINSTAR 1.5KV HYBRID INVERTER,,1019,,,98,32.6531,130,,1,0,1,0,1,,-3,,,,,
gainstar 12v 100ah battery,,1020,,,78,28.2051,100,,1,1,1,0,1,,-7,,,,,
ecology 55ah battery,,1021,,,46,41.3043,65,,1,1,1,0,1,,-5,,,,,
ns nns 8086s,,1022,,,6,66.6667,10,,1,0,1,0,1,,-6,,,,,
lifepo4 12.8v 100ah battery,,1023,,,108,52.5424,164.75,,1,1,1,0,1,,-6,,,,,
spj n3 in 1 subwoofer,,1024,,,33,51.5152,50,,1,1,1,0,1,,-6,,,,,
dyllu battery charger,,1025,,,28,25,35,,1,1,1,0,1,,0,,,,,
masters bread bin,,1026,,,21.5,39.5349,30,,1,1,1,0,1,,-7,,,,,
jbl harman a18 headphones,,1027,,,10,50,15,,1,1,1,0,1,,-2,,,,,
small flask,,1028,,,2,100,4,,1,0,1,0,1,,-1,,,,,
7026 fm radio,,1029,,,6,66.6667,10,,1,1,1,0,1,,-6,,,,,
small table,,1030,,,30,50,45,,1,0,1,0,1,,-2,,,,,
redsun vaccuum flask,,1031,,,9,66.6667,15,,1,1,1,0,1,,-3,,,,,
vacuum cup,,1032,,,2,100,4,,1,1,1,0,1,,-11,,,,,
keson bt spaeker b823,,1033,,,110,18.1818,130,,1,1,1,0,1,,-2,,,,,
KIDS STROLLER 618,,1034,,,100,45,145,,1,1,1,0,1,,-1,,,,,
INOX BOTTLE,,1035,,,2,200,6,,1,1,1,0,1,,-1,,,,,
SAMSUNG GALAXY F07 64GB,,1036,,,100,10,110,,1,1,1,0,1,,-1,,,,,
12V 38AH HTCBT BATTERY,,1037,,,38,44.7368,55,,1,1,1,0,1,,-2,,,,,
VISION 1202 BT SPEAKER,,1038,,,170,29.4118,220,,1,1,1,0,1,,-2,,,,,
nns ns 6696 fm radio,,1039,,,6,66.6667,10,,1,1,1,0,1,,-3,,,,,
meizu ml 5s,,1040,,,27,29.6296,35,,1,1,1,0,1,,-2,,,,,
raf blender r2820,,1041,,,21,42.8571,30,,1,1,1,0,1,,-1,,,,,
"12"" BICYCLE TYRES",,1042,,,38,44.7368,55,,1,1,1,0,1,,-6,,,,,
KESON 209 DC FRIDGE,,1043,,,265,20.7547,320,,1,1,1,0,1,,-7,,,,,
1000W POWER INVERTER,,1044,,,15,100,30,,1,1,1,0,1,,-3,,,,,
travel tumbler,,1045,,,2,100,4,,1,1,1,0,1,,-43,,,,,
r v5270 double airfryer,,1046,,,72,11.1111,80,,1,1,1,0,1,,-2,,,,,
oppo a24s,,1047,,,35,28.5714,45,,1,1,1,0,1,,-1,,,,,
gainstar 12v 65ah battery,,1048,,,56,33.9286,75,,1,1,1,0,1,,-4,,,,,
oppo a59,,1049,,,25,40,35,,1,1,1,0,1,,-1,,,,,
KIDS STROLLER 906,,1050,,,180,33.3333,240,,1,1,1,0,1,,-1,,,,,
T1000 BONTEL PHONE,,1051,,,20,75,35,,1,1,1,0,1,,-3,,,,,
mud gaurd,,1052,,,1,100,2,,1,1,1,0,1,,-2,,,,,
surge protector,,1053,,,9.5,57.8947,15,,1,1,1,0,1,,-3,,,,,
ITEL 2160,,1054,,,8.5,41.1765,12,,1,1,1,0,1,,-5,,,,,
HUAWEI 5S,,1055,,,18,38.8889,25,,1,1,1,0,1,,-1,,,,,
KESON WP20 WATER PUMP,,1056,,,78,21.7949,95,,1,0,1,0,1,,-1,,,,,
KESON DC PUMP,,1057,,,60,25,75,,1,1,1,0,1,,-6,,,,,
ITEL A50CS 64GB,,1058,,,74,14.8649,85,,1,1,1,0,1,,-2,,,,,
EM DI 1003 DC IRON,,1059,,,9,66.6667,15,,1,1,1,0,1,,-1,,,,,
1 PLATE GAS STOVE TEMPERED,,1060,,,10,50,15,,1,1,1,0,1,,-1,,,,,
VILLAON V110,,1061,,,6.5,53.8462,10,,1,1,1,0,1,,-5,,,,,
universal adapter,,1062,,,2,150,5,,1,1,1,0,1,,-1,,,,,
hk 12pcs granite set,,1063,,,58,29.3103,75,,1,1,1,0,1,,-1,,,,,
keson soundbar 342,,1064,,,65,30.7692,85,,1,1,1,0,1,,-2,,,,,
al 5202 soundbar,,1065,,,40,62.5,65,,1,1,1,0,1,,-1,,,,,
itel 30000mah power bank,,1066,,,22,36.3636,30,,1,1,1,0,1,,-3,,,,,
villaon v212,,1067,,,6.7,49.2537,10,,1,1,1,0,1,,-6,,,,,
hisense microwave,,1068,,,90,22.2222,110,,1,1,1,0,1,,-2,,,,,
nns 7007 fm radio,,1069,,,7,71.4286,12,,1,1,1,0,1,,-4,,,,,
v45 32gb villaon,,1070,,,49,32.6531,65,,1,1,1,0,1,,-5,,,,,
huawei 4x,,1071,,,17,47.0588,25,,1,1,1,0,1,,-1,,,,,
itel s24 256gb,,1072,,,106,22.6415,130,,1,1,1,0,1,,-2,,,,,
KESON 259L DC FRIDGE,,1073,,,280,25,350,,1,1,1,0,1,,-11,,,,,
BABY STROLLER ,,1074,,,63,58.7302,100,,1,1,1,0,1,,-1,,,,,
AC ECCO 50L FRIDGE,,1075,,,99,31.3131,130,,1,1,1,0,1,,-2,,,,,
SQ HERO BOOK,,1076,,,45,44.4444,65,,1,1,1,0,1,,-1,,,,,
REDMI 6A,,1077,,,25,40,35,,1,1,1,0,1,,-2,,,,,
SICCOO S8500,,1078,,,8,87.5,15,,1,1,1,0,1,,-2,,,,,
WATCH 8 T800,,1079,,,4,150,10,,1,1,1,0,1,,-1,,,,,
PRO 5S EARPODS,,1080,,,2,150,5,,1,1,1,0,1,,-5,,,,,
RAF ELECTRIC PRESSURE COOKER 0168,,1081,,,36,38.8889,50,,1,1,1,0,1,,-3,,,,,
OCW U67D C53 TYPE C CHARGER,,1082,,,3,133.3333,7,,1,1,1,0,1,,-1,,,,,
"STR 26"" BICYCLE WITH CARRIER",,1083,,,66,28.7879,85,,1,1,1,0,1,,-5,,,,,
Oraimo ocw 1112um charger,,1084,,,2,150,5,,1,1,1,0,1,,-8,,,,,
sanple 805 bt speaker,,1085,,,35,42.8571,50,,1,1,1,0,1,,-1,,,,,
WALKER,,1086,,,21,42.8571,30,,1,1,1,0,1,,-2,,,,,
RAF R 2103 SLICE TOASTER,,1087,,,8,87.5,15,,1,1,1,0,1,,-1,,,,,
"CONNICK 20"" BICYCLE",,1088,,,65,23.0769,80,,1,1,1,0,1,,-1,,,,,
HUAWEI HONOR 4C,,1089,,,17,76.4706,30,,1,1,1,0,1,,-1,,,,,
G27 WIRELESS NECK HEADPHONES,,1090,,,2,200,6,,1,1,1,0,1,,-2,,,,,
1 PLATE METAL GAS STOVE,,1091,,,6,66.6667,10,,1,1,1,0,1,,-1,,,,,
3a super fast tcd c12,,1092,,,1.2,150,3,,1,1,1,0,1,,-8,,,,,
19kg gas tank,,1093,,,55,36.3636,75,,1,1,1,0,1,,-2,,,,,
motorbike 950s,,1094,,,95,31.5789,125,,1,1,1,0,1,,-2,,,,,
sokany steam iron 2111,,1095,,,7.6,97.3684,15,,1,1,1,0,1,,-4,,,,,
a58 plus smart watch,,1096,,,8,50,12,,1,1,1,0,1,,-1,,,,,
lumabella lb 58068,,1097,,,9,122.2222,20,,1,1,1,0,1,,-1,,,,,
ecology 12v 100ahv battery,,1098,,,78,28.2051,100,,1,1,1,0,1,,-1,,,,,
sokany steam iron 11067,,1099,,,10.5,61.9048,17,,1,1,1,0,1,,-4,,,,,
sokany electric kettle 09022,,1100,,,6,66.6667,10,,1,1,1,0,1,,-6,,,,,
1320 rope,,1101,,,3.3,51.5152,5,,1,1,1,0,1,,-2,,,,,
oraimo headphones 610s,,1102,,,19,57.8947,30,,1,1,1,0,1,,-1,,,,,
pn10 type c earphones,,1103,,,2,150,5,,1,1,1,0,1,,-6,,,,,
lp 12v 100ah lithium battery,,1104,,,185,35.1351,250,,1,1,1,0,1,,-6,,,,,
jbl j 262bt headphones,,1105,,,4,150,10,,1,1,1,0,1,,-4,,,,,
nexa power generator,,1106,,,135,18.5185,160,,1,1,1,0,1,,-1,,,,,
meizu note 6,,1107,,,28,42.8571,40,,1,1,1,0,1,,-2,,,,,
masters hotplate 1086,,1108,,,13,53.8462,20,,1,1,1,0,1,,-2,,,,,
nns 6609s fm radio,,1109,,,23,52.1739,35,,1,1,1,0,1,,-1,,,,,
pizza plate,,1110,,,3,66.6667,5,,1,1,1,0,1,,-1,,,,,
tea and pot,,1111,,,2.8,78.5714,5,,1,1,1,0,1,,-1,,,,,
sq 7700,,1112,,,19,31.5789,25,,1,1,1,0,1,,-1,,,,,
12 jar spice carousel,,1113,,,10.2,76.4706,18,,1,1,1,0,1,,-1,,,,,
lunch box,,1114,,,1,200,3,,1,1,1,0,1,,-1,,,,,
"jauble 26"" bicycle",,1115,,,71,33.8028,95,,1,1,1,0,1,,-3,,,,,
t900 ultra smart watch,,1116,,,4,150,10,,1,1,1,0,1,,-1,,,,,
s006 sinclu charger,,1117,,,2.5,100,5,,1,1,1,0,1,,-2,,,,,
600mm tile cutter,,1118,,,16,56.25,25,,1,1,1,0,1,,-1,,,,,
1758 10pcs nsfe pots,,1119,,,62,29.0323,80,,1,1,1,0,1,,-2,,,,,
vk ws3 handsfree,,1120,,,1.5,100,3,,1,1,1,0,1,,-1,,,,,
bh 80a kids stroller,,1121,,,95,36.8421,130,,1,1,1,0,1,,-2,,,,,
masters iron 1022,,1122,,,13,92.3077,25,,1,1,1,0,1,,-2,,,,,
DSTV HALFSATELITE,,1123,,,11.5,73.913,20,,1,1,1,0,1,,-4,,,,,
DISH WASHER,,1124,,,0.75,33.3333,1,,1,1,1,0,1,,-8,,,,,
V ISION SPEAKER S1903,,1125,,,120,25,150,,1,1,1,0,1,,-1,,,,,
2000W POWER INVERTER,,1126,,,25,80,45,,1,1,1,0,1,,-1,,,,,
nubia a56 128gb,,1127,,,95,15.7895,110,,1,1,1,0,1,,-2,,,,,
14 pro max earphones,,1128,,,2,150,5,,1,1,1,0,1,,-1,,,,,
elecro master 1060 blender,,1129,,,15,66.6667,25,,1,1,1,0,1,,-1,,,,,
car power inverter 1500w,,1130,,,15,166.6667,40,,1,1,1,0,1,,-1,,,,,
raf rice cooker r 0111,,1131,,,32,40.625,45,,1,1,1,0,1,,-1,,,,,
oraimo bt 02 earpods,,1132,,,5,100,10,,1,1,1,0,1,,-3,,,,,
cedieyee dc pump,,1133,,,25,60,40,,1,1,1,0,1,,-1,,,,,
sanple 999 amplifier,,1134,,,65,30.7692,85,,1,1,1,0,1,,-1,,,,,
solar cable 0.5mm,,1135,,,0.05,400,0.25,,1,1,1,0,1,,-112,,,,,
em af 1671 airfryer masters,,1136,,,45,44.4444,65,,1,1,1,0,1,,-1,,,,,
KESON HEATER,,1137,,,50,0,50,,1,1,1,0,1,,-1,,,,,
tws bt04 earphones jbl,,1138,,,6,66.6667,10,,1,1,1,0,1,,-1,,,,,
climatix 4 plate gas stove,,1139,,,125,20,150,,1,1,1,0,1,,-3,,,,,
1083 masters stove,,1140,,,12,66.6667,20,,1,1,1,0,1,,-1,,,,,
"jauble 26"" bicycle 007",,1141,,,86,22.093,105,,1,1,1,0,1,,-1,,,,,
HELTY WP20 WATER PUMP,,1142,,,85,17.6471,100,,1,1,1,0,1,,-2,,,,,
183U ITEL CHARGER,,1143,,,3,133.3333,7,,1,1,1,0,1,,-1,,,,,
50AH SUNLIGHT BATTERY ,,1144,,,20,75,35,,1,1,1,0,1,,0,,,,,
COLONE 4988S FM RADIO,,1145,,,8,87.5,15,,1,1,1,0,1,,-1,,,,,
sanple sp 1280 speaker,,1146,,,70,42.8571,100,,1,1,1,0,1,,-1,,,,,
shock,,1147,,,4,0,4,,1,1,1,0,1,,-7,,,,,
sunlight submisable pump,,1148,,,29,55.1724,45,,1,1,1,0,1,,-1,,,,,
3.6KV HYBRID INVERTER,,1149,,,140,28.5714,180,,1,1,1,0,1,,-1,,,,,
345W SOLAR PANEL,,1150,,,46,41.3043,65,,1,1,1,0,1,,-1,,,,,
DB BOX 4WAY,,1151,,,3,66.6667,5,,1,1,1,0,1,,-2,,,,,
oraimo ohp 317,,1152,,,17,47.0588,25,,1,1,1,0,1,,-1,,,,,
HDMI CABLE,,1153,,,1,200,3,,1,1,1,0,1,,-1,,,,,
hr4 promax smart watch,,1154,,,6,66.6667,10,,1,1,1,0,1,,-2,,,,,
sokany price computing scale 19020,,1155,,,17,47.0588,25,,1,1,1,0,1,,-1,,,,,
ceedee 120w bar light,,1156,,,3,66.6667,5,,1,1,1,0,1,,-1,,,,,
